x,Japanese,Mediterranean,Thai,Hungarian,Spanish
1,2055.4999916667084,421.49999166670835,317.49999166670835,107.49999166670834,291.49999166670835
2,2055.999933334667,421.99993333466665,317.99993333466665,107.99993333466665,291.99993333466665
3,2056.4997750101247,422.4997750101248,318.4997750101248,108.49977501012478,292.4997750101248
4,2056.9994667093315,422.9994667093317,318.9994667093317,108.99946670933171,292.9994667093317
5,2057.498958463534,423.49895846353394,319.49895846353394,109.49895846353391,293.49895846353394
6,2057.998200323972,423.99820032397224,319.99820032397224,109.99820032397223,293.99820032397224
7,2058.4971423668767,424.49714236687663,320.49714236687663,110.49714236687664,294.49714236687663
8,2058.995734698459,424.99573469845865,320.99573469845865,110.99573469845863,294.99573469845865
9,2059.4939274599005,425.49392745990053,321.49392745990053,111.49392745990055,295.49392745990053
10,2059.9916708323412,425.9916708323414,321.9916708323414,111.99167083234141,295.9916708323414
11,2060.488915041859,426.4889150418587,322.4889150418587,112.48891504185875,296.4889150418587
12,2060.985610364446,426.98561036444596,322.98561036444596,112.98561036444596,296.98561036444596
13,2061.481707130985,427.4817071309847,323.4817071309847,113.48170713098474,297.4817071309847
14,2061.977155732212,427.9771557322118,323.9771557322118,113.97715573221183,297.9771557322118
15,2062.47190662368,428.47190662367996,324.47190662367996,114.47190662367996,298.47190662367996
16,2062.965910330712,428.9659103307123,324.9659103307123,114.9659103307123,298.9659103307123
17,2063.45911745335,429.4591174533498,325.4591174533498,115.4591174533498,299.4591174533498
18,2063.951478671291,429.9514786712912,325.9514786712912,115.95147867129121,299.9514786712912
19,2064.442944748825,430.442944748825,326.442944748825,116.44294474882503,300.442944748825
20,2064.933466539753,430.93346653975306,326.93346653975306,116.93346653975306,300.93346653975306
21,2065.422994992305,431.42299499230495,327.42299499230495,117.42299499230498,301.42299499230495
22,2065.9114811540435,431.9114811540435,327.9114811540435,117.91148115404347,301.9114811540435
23,2066.3988761767596,432.3988761767594,328.3988761767594,118.39887617675942,302.3988761767594
24,2066.8851313213568,432.8851313213567,328.8851313213567,118.88513132135672,302.8851313213567
25,2067.3701979627263,433.37019796272614,329.37019796272614,119.37019796272615,303.37019796272614
26,2067.854027594608,433.85402759460777,329.85402759460777,119.85402759460776,303.85402759460777
27,2068.3365718344417,434.33657183444154,330.33657183444154,120.33657183444156,304.33657183444154
28,2068.8177824282056,434.8177824282057,330.8177824282057,120.81778242820569,304.8177824282057
29,2069.297611255242,435.2976112552418,331.2976112552418,121.29761125524178,305.2976112552418
30,2069.776010333067,435.776010333067,331.776010333067,121.77601033306698,305.776010333067
31,2070.2529318221723,436.2529318221722,332.2529318221722,122.25293182217217,306.2529318221722
32,2070.728328030806,436.72832803080587,332.72832803080587,122.72832803080588,306.72832803080587
33,2071.2021514197436,437.2021514197434,333.2021514197434,123.20215141974342,307.2021514197434
34,2071.6743546070406,437.6743546070407,333.6743546070407,123.67435460704073,307.6743546070407
35,2072.1448903727724,438.1448903727726,334.1448903727726,124.14489037277257,308.1448903727726
36,2072.6137116637547,438.6137116637545,334.6137116637545,124.6137116637545,308.6137116637545
37,2073.0807715982482,439.0807715982481,335.0807715982481,125.0807715982481,309.0807715982481
38,2073.5460234706493,439.5460234706491,335.5460234706491,125.54602347064913,309.5460234706491
39,2074.009420756158,440.0094207561581,336.0094207561581,126.00942075615808,310.0094207561581
40,2074.4709171154327,440.47091711543254,336.47091711543254,126.47091711543253,310.47091711543254
41,2074.930466399221,440.93046639922113,336.93046639922113,126.93046639922115,310.93046639922113
42,2075.3880226529786,441.3880226529785,337.3880226529785,127.3880226529785,311.3880226529785
43,2075.8435401214606,441.84354012146053,337.84354012146053,127.84354012146053,311.84354012146053
44,2076.2969732533,442.2969732533,338.2969732533,128.2969732533,312.2969732533
45,2076.7482767055617,442.7482767055615,338.7482767055615,128.74827670556152,312.7482767055615
46,2077.197405348276,443.197405348276,339.197405348276,129.197405348276,313.197405348276
47,2077.6443142689536,443.6443142689534,339.6443142689534,129.64431426895342,313.6443142689534
48,2078.0889587770744,444.08895877707414,340.08895877707414,130.08895877707414,314.08895877707414
49,2078.531294408558,444.5312944085579,340.5312944085579,130.5312944085579,314.5312944085579
50,2078.97127693021,444.97127693021014,340.97127693021014,130.97127693021014,314.97127693021014
51,2079.4088623441453,445.40886234414535,341.40886234414535,131.40886234414538,315.40886234414535
52,2079.844006892187,445.8440068921868,341.8440068921868,131.84400689218683,315.8440068921868
53,2080.2766670602423,446.27666706024235,342.27666706024235,132.27666706024235,316.27666706024235
54,2080.7067995826555,446.70679958265566,342.70679958265566,132.70679958265566,316.70679958265566
55,2081.134361446533,447.134361446533,343.134361446533,133.13436144653295,317.134361446533
56,2081.5593098960444,447.55930989604417,343.55930989604417,133.55930989604417,317.55930989604417
57,2081.9816024366983,447.9816024366985,343.9816024366985,133.98160243669847,317.9816024366985
58,2082.4011968395935,448.4011968395937,344.4011968395937,134.40119683959367,318.4011968395937
59,2082.8180511456394,448.8180511456392,344.8180511456392,134.81805114563917,318.8180511456392
60,2083.2321236697517,449.2321236697518,345.2321236697518,135.23212366975176,319.2321236697518
61,2083.643373005024,449.64337300502405,345.64337300502405,135.64337300502407,319.64337300502405
62,2084.051758026865,450.05175802686523,346.05175802686523,136.05175802686526,320.05175802686523
63,2084.4572378971134,450.4572378971135,346.4572378971135,136.4572378971135,320.4572378971135
64,2084.8597720681196,450.8597720681196,346.8597720681196,136.8597720681196,320.8597720681196
65,2085.259320286802,451.259320286802,347.259320286802,137.25932028680197,321.259320286802
66,2085.655842598672,451.6558425986717,347.6558425986717,137.65584259867168,321.6558425986717
67,2086.049299351828,452.049299351828,348.049299351828,138.04929935182798,322.049299351828
68,2086.4396512009234,452.43965120092344,348.43965120092344,138.43965120092344,322.43965120092344
69,2086.826859111098,452.82685911109843,348.82685911109843,138.8268591110984,322.82685911109843
70,2087.2108843618844,453.21088436188455,349.21088436188455,139.21088436188455,323.21088436188455
71,2087.591688551077,453.5916885510768,349.5916885510768,139.59168855107683,323.5916885510768
72,2087.9692335985737,453.9692335985736,349.9692335985736,139.96923359857365,323.9692335985736
73,2088.3434817501848,454.3434817501849,350.3434817501849,140.34348175018488,324.3434817501849
74,2088.714395581407,454.71439558140725,350.71439558140725,140.71439558140725,324.71439558140725
75,2089.0819380011667,455.0819380011667,351.0819380011667,141.0819380011667,325.0819380011667
76,2089.4460722555277,455.44607225552755,351.44607225552755,141.44607225552755,325.44607225552755
77,2089.806761931368,455.8067619313678,351.8067619313678,141.80676193136784,325.8067619313678
78,2090.1639709600204,456.1639709600205,352.1639709600205,142.16397096002052,326.1639709600205
79,2090.5176636208803,456.5176636208804,352.5176636208804,142.5176636208804,326.5176636208804
80,2090.867804544976,456.86780454497614,352.86780454497614,142.86780454497614,326.86780454497614
81,2091.2143587185074,457.2143587185071,353.2143587185071,143.21435871850713,327.2143587185071
82,2091.5572914863446,457.5572914863448,353.5572914863448,143.5572914863448,327.5572914863448
83,2091.896568555498,457.8965685554981,353.8965685554981,143.89656855549813,327.8965685554981
84,2092.232155998543,458.23215599854296,354.23215599854296,144.23215599854296,328.23215599854296
85,2092.564020257015,458.56402025701465,354.56402025701465,144.56402025701465,328.56402025701465
86,2092.892128144764,458.89212814476383,354.89212814476383,144.89212814476383,328.89212814476383
87,2093.216446851275,459.21644685127524,355.21644685127524,145.21644685127524,329.21644685127524
88,2093.5369439449487,459.53694394494846,355.53694394494846,145.53694394494846,329.53694394494846
89,2093.8535873763412,459.8535873763412,355.8535873763412,145.85358737634118,329.8535873763412
90,2094.1663454813743,460.16634548137415,356.16634548137415,146.16634548137418,330.16634548137415
91,2094.4751869844977,460.47518698449755,356.47518698449755,146.47518698449753,330.47518698449755
92,2094.7800810018184,460.7800810018183,356.7800810018183,146.7800810018183,330.7800810018183
93,2095.0809970441887,461.08099704418885,357.08099704418885,147.08099704418885,331.08099704418885
94,2095.3779050202556,461.3779050202557,357.3779050202557,147.37790502025572,331.3779050202557
95,2095.6707752394686,461.6707752394687,357.6707752394687,147.6707752394687,331.6707752394687
96,2095.9595784150497,461.9595784150499,357.9595784150499,147.95957841504992,331.9595784150499
97,2096.2442856669227,462.2442856669225,358.2442856669225,148.2442856669225,332.2442856669225
98,2096.5248685245983,462.5248685245985,358.5248685245985,148.52486852459853,332.5248685245985
99,2096.801298930026,462.801298930026,358.801298930026,148.80129893002604,332.801298930026
100,2097.0735492403946,463.0735492403948,359.0735492403948,149.0735492403948,333.0735492403948
101,2097.341592230901,463.34159223090074,359.34159223090074,149.34159223090074,333.34159223090074
102,2097.605401097468,463.60540109746813,359.60540109746813,149.60540109746813,333.60540109746813
103,2097.86494945943,463.8649494594302,359.8649494594302,149.86494945943016,333.8649494594302
104,2098.120211362167,464.1202113621669,360.1202113621669,150.1202113621669,334.1202113621669
105,2098.371161279701,464.37116127970086,360.37116127970086,150.37116127970086,334.37116127970086
106,2098.617774117249,464.6177741172493,360.6177741172493,150.61777411724933,334.6177741172493
107,2098.860025213734,464.8600252137341,360.8600252137341,150.86002521373408,334.8600252137341
108,2099.0978903442474,465.0978903442474,361.0978903442474,151.0978903442474,335.0978903442474
109,2099.3313457224745,465.33134572247434,361.33134572247434,151.33134572247437,335.33134572247434
110,2099.5603680030717,465.56036800307174,361.56036800307174,151.56036800307177,335.56036800307174
111,2099.7849342840022,465.78493428400236,361.78493428400236,151.7849342840024,335.78493428400236
112,2100.0050221088254,466.00502210882524,362.00502210882524,152.00502210882524,336.00502210882524
113,2100.2206094689413,466.2206094689413,362.2206094689413,152.2206094689413,336.2206094689413
114,2100.431674805794,466.43167480579416,362.43167480579416,152.43167480579416,336.43167480579416
115,2100.638197013026,466.63819701302606,362.63819701302606,152.63819701302606,336.63819701302606
116,2100.840155438588,466.84015543858834,362.84015543858834,152.84015543858834,336.84015543858834
117,2101.0375298868066,467.0375298868068,363.0375298868068,153.0375298868068,337.0375298868068
118,2101.230300620401,467.230300620401,363.230300620401,153.230300620401,337.230300620401
119,2101.4184483624585,467.4184483624583,363.4184483624583,153.41844836245832,337.4184483624583
120,2101.6019542983613,467.6019542983613,363.6019542983613,153.6019542983613,337.6019542983613
121,2101.7808000776695,467.7808000776693,363.7808000776693,153.7808000776693,337.7808000776693
122,2101.9549678159533,467.9549678159534,363.9549678159534,153.95496781595338,337.9549678159534
123,2102.1244400965847,468.12444009658486,364.12444009658486,154.12444009658486,338.12444009658486
124,2102.289199972477,468.2891999724769,364.2891999724769,154.28919997247695,338.2891999724769
125,2102.4492309677794,468.44923096777933,364.44923096777933,154.4492309677793,338.44923096777933
126,2102.604517079526,468.6045170795258,364.6045170795258,154.60451707952578,338.6045170795258
127,2102.755042779235,468.7550427792346,364.7550427792346,154.7550427792346,338.7550427792346
128,2102.900793014461,468.9007930144612,364.9007930144612,154.90079301446124,338.9007930144612
129,2103.041753210304,469.0417532103036,365.0417532103036,155.04175321030363,339.0417532103036
130,2103.17790927086,469.17790927085963,365.17790927085963,155.17790927085966,339.17790927085963
131,2103.3092475806366,469.3092475806367,365.3092475806367,155.3092475806367,339.3092475806367
132,2103.435755005913,469.4357550059133,365.4357550059133,155.43575500591328,339.4357550059133
133,2103.5574188960522,469.55741889605224,365.55741889605224,155.55741889605224,339.55741889605224
134,2103.674227084766,469.67422708476596,365.67422708476596,155.67422708476596,339.67422708476596
135,2103.7861678913328,469.786167891333,365.786167891333,155.78616789133295,339.786167891333
136,2103.893230121766,469.8932301217658,365.8932301217658,155.8932301217658,339.8932301217658
137,2103.9954030699305,469.9954030699307,365.9954030699307,155.99540306993072,339.9954030699307
138,2104.092676518618,470.09267651861796,366.09267651861796,156.092676518618,340.09267651861796
139,2104.1850407405636,470.1850407405638,366.1850407405638,156.18504074056384,340.1850407405638
140,2104.272486499423,470.272486499423,366.272486499423,156.272486499423,340.272486499423
141,2104.3550050506924,470.3550050506925,366.3550050506925,156.3550050506925,340.3550050506925
142,2104.432588142586,470.432588142586,366.432588142586,156.43258814258598,340.432588142586
143,2104.505228016859,470.5052280168589,366.5052280168589,156.5052280168589,340.5052280168589
144,2104.5729174095845,470.5729174095843,366.5729174095843,156.5729174095843,340.5729174095843
145,2104.6356495518794,470.6356495518794,366.6356495518794,156.63564955187942,340.6356495518794
146,2104.6934181705824,470.6934181705822,366.6934181705822,156.69341817058225,340.6934181705822
147,2104.746217488879,470.74621748887904,366.74621748887904,156.74621748887904,340.74621748887904
148,2104.794042226882,470.79404222688197,366.79404222688197,156.794042226882,340.79404222688197
149,2104.8368876021573,470.83688760215716,366.83688760215716,156.83688760215716,340.83688760215716
150,2104.8747493302026,470.87474933020275,366.87474933020275,156.87474933020272,340.87474933020275
151,2104.9076236248775,470.90762362487743,366.90762362487743,156.9076236248774,340.90762362487743
152,2104.9355071987793,470.93550719877913,366.93550719877913,156.93550719877913,340.93550719877913
153,2104.9583972635737,470.95839726357383,366.95839726357383,156.9583972635738,340.95839726357383
154,2104.976291530274,470.97629153027395,366.97629153027395,156.97629153027395,340.97629153027395
155,2104.989188209468,470.98918820946784,366.98918820946784,156.98918820946784,340.98918820946784
156,2104.997086011498,470.9970860114983,366.9970860114983,156.9970860114983,340.9970860114983
157,2104.999984146592,470.9999841465917,366.9999841465917,156.99998414659171,340.9999841465917
158,2104.997882324937,470.997882324937,366.997882324937,156.997882324937,340.997882324937
159,2104.9907807567147,470.99078075671457,366.99078075671457,156.99078075671454,340.99078075671457
160,2104.9786801520754,470.97868015207524,366.97868015207524,156.97868015207524,340.97868015207524
161,2104.9615817210697,470.96158172106954,366.96158172106954,156.96158172106954,340.96158172106954
162,2104.9394871735262,470.9394871735262,366.9394871735262,156.9394871735262,340.9394871735262
163,2104.912398718882,470.9123987188816,366.9123987188816,156.91239871888163,340.9123987188816
164,2104.8803190659587,470.8803190659587,366.8803190659587,156.88031906595867,340.8803190659587
165,2104.843251422696,470.84325142269597,366.84325142269597,156.84325142269594,340.84325142269597
166,2104.801199495827,470.80119949582684,366.80119949582684,156.80119949582684,340.80119949582684
167,2104.754167490509,470.754167490509,366.754167490509,156.75416749050902,340.754167490509
168,2104.7021601099036,470.7021601099038,366.7021601099038,156.7021601099038,340.7021601099038
169,2104.645182554706,470.6451825547059,366.6451825547059,156.6451825547059,340.6451825547059
170,2104.5832405226233,470.58324052262344,366.58324052262344,156.58324052262344,340.58324052262344
171,2104.516340207808,470.5163402078079,366.5163402078079,156.5163402078079,340.5163402078079
172,2104.444488300235,470.4444883002351,366.4444883002351,156.44448830023507,340.4444883002351
173,2104.367691985036,470.36769198503583,366.36769198503583,156.36769198503583,340.36769198503583
174,2104.2859589417776,470.28595894177766,366.28595894177766,156.28595894177766,340.28595894177766
175,2104.199297343697,470.19929734369686,366.19929734369686,156.19929734369686,340.19929734369686
176,2104.107715856881,470.10771585688093,366.10771585688093,156.10771585688093,340.10771585688093
177,2104.0112236394025,470.01122363940226,366.01122363940226,156.01122363940226,340.01122363940226
178,2103.909830340402,469.9098303404022,365.9098303404022,155.90983034040224,339.9098303404022
179,2103.8035460991264,469.8035460991262,365.8035460991262,155.8035460991262,339.8035460991262
180,2103.69238154391,469.69238154390973,365.69238154390973,155.69238154390976,339.69238154390973
181,2103.576347791116,469.5763477911158,365.5763477911158,155.57634779111578,339.5763477911158
182,2103.4554564440227,469.45545644402284,365.45545644402284,155.45545644402281,339.45545644402284
183,2103.329719591665,469.32971959166485,365.32971959166485,155.32971959166488,339.32971959166485
184,2103.1991498076222,469.1991498076224,365.1991498076224,155.1991498076224,339.1991498076224
185,2103.063760148765,469.06376014876497,365.06376014876497,155.063760148765,339.06376014876497
186,2102.923564153946,468.9235641539457,364.9235641539457,154.9235641539457,338.9235641539457
187,2102.778575842647,468.77857584264723,364.77857584264723,154.7785758426472,338.77857584264723
188,2102.62880971358,468.62880971357976,364.62880971357976,154.62880971357976,338.62880971357976
189,2102.4742807432317,468.47428074323153,364.47428074323153,154.47428074323153,338.47428074323153
190,2102.3150043843707,468.3150043843707,364.3150043843707,154.31500438437072,338.3150043843707
191,2102.1509965645005,468.15099656450053,364.15099656450053,154.15099656450053,338.15099656450053
192,2101.982273684266,467.98227368426626,363.98227368426626,153.98227368426626,337.98227368426626
193,2101.8088526158153,467.8088526158153,363.8088526158153,153.8088526158153,337.8088526158153
194,2101.63075070111,467.63075070111,363.63075070111,153.63075070111003,337.63075070111
195,2101.4479857501933,467.4479857501935,363.4479857501935,153.44798575019348,337.4479857501935
196,2101.2605760394085,467.2605760394084,363.2605760394084,153.26057603940842,337.2605760394084
197,2101.06854030957,467.06854030956976,363.06854030956976,153.06854030956976,337.06854030956976
198,2100.8718977640906,466.8718977640905,362.8718977640905,152.87189776409048,336.8718977640905
199,2100.6706680670613,466.67066806706123,362.67066806706123,152.67066806706126,336.67066806706123
200,2100.464871341284,466.4648713412841,362.4648713412841,152.4648713412841,336.4648713412841
201,2100.25452816626,466.25452816626006,362.25452816626006,152.25452816626006,336.25452816626006
202,2100.0396595761313,466.0396595761314,362.0396595761314,152.03965957613136,336.0396595761314
203,2099.820287057578,465.820287057578,361.820287057578,151.82028705757799,335.820287057578
204,2099.596432547669,465.596432547669,361.596432547669,151.596432547669,335.596432547669
205,2099.368118431669,465.3681184316688,361.3681184316688,151.3681184316688,335.3681184316688
206,2099.1353675407986,465.1353675407987,361.1353675407987,151.1353675407987,335.1353675407987
207,2098.898203149954,464.89820314995393,360.89820314995393,150.8982031499539,334.89820314995393
208,2098.656648975376,464.65664897537584,360.65664897537584,150.65664897537582,334.65664897537584
209,2098.4107291722808,464.41072917228064,360.41072917228064,150.41072917228064,334.41072917228064
210,2098.1604683324435,464.16046833244366,360.16046833244366,150.16046833244368,334.16046833244366
211,2097.9058914817406,463.90589148174047,359.90589148174047,149.90589148174044,333.90589148174047
212,2097.647024077644,463.6470240776438,359.6470240776438,149.6470240776438,333.6470240776438
213,2097.3838920066787,463.3838920066785,359.3838920066785,149.38389200667848,333.3838920066785
214,2097.1165215818323,463.1165215818323,359.1165215818323,149.11652158183227,333.1165215818323
215,2096.844939539925,462.8449395399249,358.8449395399249,148.8449395399249,332.8449395399249
216,2096.569173038934,462.56917303893414,358.56917303893414,148.56917303893414,332.56917303893414
217,2096.2892496552804,462.2892496552804,358.2892496552804,148.2892496552804,332.2892496552804
218,2096.0051973810687,462.0051973810687,358.0051973810687,148.0051973810687,332.0051973810687
219,2095.71704462129,461.7170446212898,357.7170446212898,147.7170446212898,331.7170446212898
220,2095.4248201909795,461.4248201909795,357.4248201909795,147.42482019097952,331.4248201909795
221,2095.1285533123373,461.1285533123374,357.1285533123374,147.12855331233737,331.1285533123374
222,2094.8282736118044,460.8282736118043,356.8282736118043,146.82827361180432,330.8282736118043
223,2094.5240111171,460.52401111710026,356.52401111710026,146.52401111710023,330.52401111710026
224,2094.215796254221,460.215796254221,356.215796254221,146.215796254221,330.215796254221
225,2093.903659844396,459.9036598443961,355.9036598443961,145.90365984439606,329.9036598443961
226,2093.5876331010063,459.5876331010063,355.5876331010063,145.58763310100628,329.5876331010063
227,2093.2677476264626,459.26774762646266,355.26774762646266,145.26774762646266,329.26774762646266
228,2092.944035409046,458.9440354090461,354.9440354090461,144.94403540904608,328.9440354090461
229,2092.6165288197085,458.61652881970855,354.61652881970855,144.61652881970855,328.61652881970855
230,2092.285260608836,458.285260608836,354.285260608836,144.285260608836,328.285260608836
231,2091.9502639029733,457.9502639029735,353.9502639029735,143.95026390297355,327.9502639029735
232,2091.6115722015124,457.61157220151256,353.61157220151256,143.61157220151256,327.61157220151256
233,2091.269219373341,457.269219373341,353.269219373341,143.26921937334097,327.269219373341
234,2090.923239653456,456.92323965345633,352.92323965345633,142.9232396534563,326.92323965345633
235,2090.5736676395422,456.57366763954224,352.57366763954224,142.5736676395422,326.57366763954224
236,2090.2205382885086,456.2205382885088,352.2205382885088,142.2205382885088,326.2205382885088
237,2089.863886912997,455.8638869129969,351.8638869129969,141.8638869129969,325.8638869129969
238,2089.5037491778467,455.5037491778468,351.5037491778468,141.50374917784683,325.5037491778468
239,2089.140161096532,455.140161096532,351.140161096532,141.14016109653198,325.140161096532
240,2088.7731590275575,454.77315902755754,350.77315902755754,140.77315902755754,324.77315902755754
241,2088.4027796708247,454.40277967082454,350.40277967082454,140.40277967082454,324.40277967082454
242,2088.02906006396,454.02906006396006,350.02906006396006,140.02906006396003,324.02906006396006
243,2087.652037578613,453.65203757861326,349.65203757861326,139.65203757861323,323.65203757861326
244,2087.2717499167184,453.27174991671853,349.27174991671853,139.27174991671853,323.27174991671853
245,2086.888235106725,452.8882351067252,348.8882351067252,138.88823510672518,322.8882351067252
246,2086.5015314997945,452.5015314997946,348.5015314997946,138.50153149979462,322.5015314997946
247,2086.1116777659654,452.1116777659652,348.1116777659652,138.11167776596523,322.1116777659652
248,2085.7187128902856,451.7187128902856,347.7187128902856,137.7187128902856,321.7187128902856
249,2085.3226761689157,451.32267616891573,347.32267616891573,137.32267616891573,321.32267616891573
250,2084.9236072051976,450.9236072051978,346.9236072051978,136.9236072051978,320.9236072051978
251,2084.521545905696,450.52154590569563,346.52154590569563,136.52154590569563,320.52154590569563
252,2084.116532476204,450.1165324762041,346.1165324762041,136.1165324762041,320.1165324762041
253,2083.7086074177287,449.7086074177286,345.7086074177286,135.70860741772862,319.7086074177286
254,2083.297811522435,449.29781152243515,345.29781152243515,135.29781152243515,319.29781152243515
255,2082.884185869571,448.88418586957084,344.88418586957084,134.88418586957084,318.88418586957084
256,2082.467771821356,448.46777182135634,344.46777182135634,134.46777182135634,318.46777182135634
257,2082.0486110188494,448.04861101884944,344.04861101884944,134.04861101884944,318.04861101884944
258,2081.626745377781,447.62674537778105,343.62674537778105,133.62674537778105,317.62674537778105
259,2081.202217084364,447.2022170843638,343.2022170843638,133.2022170843638,317.2022170843638
260,2080.7750685910732,446.7750685910732,342.7750685910732,132.7750685910732,316.7750685910732
261,2080.345342612403,446.34534261240265,342.34534261240265,132.34534261240267,316.34534261240265
262,2079.9130821205918,445.9130821205919,341.9130821205919,131.91308212059192,315.9130821205919
263,2079.47833034133,445.47833034133,341.47833034133,131.47833034132998,315.47833034133
264,2079.0411307494323,445.0411307494324,341.0411307494324,131.0411307494324,315.0411307494324
265,2078.6015270644943,444.6015270644941,340.6015270644941,130.60152706449412,314.6015270644941
266,2078.1595632465173,444.1595632465173,340.1595632465173,130.15956324651725,314.1595632465173
267,2077.7152834915155,443.7152834915153,339.7152834915153,129.71528349151532,313.7152834915153
268,2077.2687322270936,443.26873222709355,339.26873222709355,129.26873222709355,313.26873222709355
269,2076.819954108006,442.8199541080063,338.8199541080063,128.8199541080063,312.8199541080063
270,2076.3689940116915,442.3689940116915,338.3689940116915,128.36899401169148,312.3689940116915
271,2075.915897033783,441.9158970337829,337.9158970337829,127.91589703378295,311.9158970337829
272,2075.4607084836007,441.46070848360085,337.46070848360085,127.46070848360087,311.46070848360085
273,2075.003473879621,441.00347387962097,337.00347387962097,127.00347387962097,311.00347387962097
274,2074.5442389449227,440.5442389449226,336.5442389449226,126.54423894492261,310.5442389449226
275,2074.0830496026165,440.0830496026166,336.0830496026166,126.08304960261658,310.0830496026166
276,2073.6199519712527,439.61995197125276,335.61995197125276,125.61995197125276,309.61995197125276
277,2073.1549923602083,439.15499236020844,335.15499236020844,125.15499236020841,309.15499236020844
278,2072.688217265057,438.6882172650571,334.6882172650571,124.68821726505713,308.6882172650571
279,2072.2196733629194,438.2196733629195,334.2196733629195,124.21967336291951,308.2196733629195
280,2071.7494075077952,437.74940750779524,333.74940750779524,123.74940750779524,307.74940750779524
281,2071.277466725878,437.277466725878,333.277466725878,123.277466725878,307.277466725878
282,2070.803898210853,436.8038982108527,332.8038982108527,122.8038982108527,306.8038982108527
283,2070.328749319176,436.32874931917615,332.32874931917615,122.32874931917615,306.32874931917615
284,2069.8520675653417,435.8520675653416,331.8520675653416,121.85206756534163,305.8520675653416
285,2069.373900617127,435.3739006171272,331.3739006171272,121.37390061712722,305.3739006171272
286,2068.8942962908295,434.89429629082935,330.89429629082935,120.89429629082935,304.89429629082935
287,2068.4133025464807,434.4133025464809,330.4133025464809,120.41330254648089,304.4133025464809
288,2067.9309674830556,433.93096748305555,329.93096748305555,119.93096748305554,303.93096748305555
289,2067.4473393336575,433.4473393336576,329.4473393336576,119.44733933365762,303.4473393336576
290,2066.962466460699,432.96246646069915,328.96246646069915,118.96246646069912,302.96246646069915
291,2066.476397351063,432.4763973510632,328.4763973510632,118.47639735106321,302.4763973510632
292,2065.989180611256,431.98918061125585,327.98918061125585,117.98918061125585,301.98918061125585
293,2065.500864962545,431.50086496254494,327.50086496254494,117.50086496254495,301.50086496254494
294,2065.0114992360886,431.0114992360885,327.0114992360885,117.01149923608853,301.0114992360885
295,2064.5211323680514,430.5211323680513,326.5211323680513,116.52113236805135,300.5211323680513
296,2064.0298133947117,430.02981339471165,326.02981339471165,116.02981339471165,300.02981339471165
297,2063.537591447557,429.53759144755725,325.53759144755725,115.53759144755726,299.53759144755725
298,2063.0445157483728,429.04451574837276,325.04451574837276,115.04451574837279,299.04451574837276
299,2062.550635604317,428.55063560431716,324.55063560431716,114.5506356043172,298.55063560431716
300,2062.0560004029935,428.05600040299333,324.05600040299333,114.05600040299336,298.05600040299333
301,2061.560659607509,427.5606596075092,323.5606596075092,113.5606596075092,297.5606596075092
302,2061.0646627515316,427.0646627515315,323.0646627515315,113.06466275153149,297.0646627515315
303,2060.5680594343326,426.5680594343325,322.5680594343325,112.56805943433248,296.5680594343325
304,2060.07089931583,426.0708993158301,322.0708993158301,112.07089931583009,296.0708993158301
305,2059.573232111622,425.57323211162185,321.57323211162185,111.57323211162183,295.57323211162185
306,2059.0751075880135,425.07510758801345,321.07510758801345,111.07510758801345,295.07510758801345
307,2058.5765755570424,424.5765755570422,320.5765755570422,110.57657555704216,294.5765755570422
308,2058.0776858714958,424.07768587149565,320.07768587149565,110.07768587149566,294.07768587149565
309,2057.5784884199265,423.5784884199267,319.5784884199267,109.57848841992673,293.5784884199267
310,2057.0790331216645,423.0790331216645,319.0790331216645,109.07903312166452,293.0790331216645
311,2056.5793699218225,422.5793699218227,318.5793699218227,108.57936992182269,292.5793699218227
312,2056.0795487863047,422.07954878630477,318.07954878630477,108.0795487863048,292.07954878630477
313,2055.579619696808,421.5796196968079,317.5796196968079,107.57961969680791,291.5796196968079
314,2055.0796326458244,421.07963264582435,317.07963264582435,107.07963264582435,291.07963264582435
315,2054.5796376316425,420.5796376316426,316.5796376316426,106.57963763164257,290.5796376316426
316,2054.079684653347,420.07968465334733,316.07968465334733,106.07968465334731,290.07968465334733
317,2053.5798237058198,419.5798237058198,315.5798237058198,105.5798237058198,289.5798237058198
318,2053.080104774738,419.08010477473823,315.08010477473823,105.08010477473823,289.08010477473823
319,2052.5805778315794,418.5805778315793,314.5805778315793,104.58057783157929,288.5805778315793
320,2052.081292828621,418.081292828621,314.081292828621,104.081292828621,288.081292828621
321,2051.582299693948,417.5822996939476,313.5822996939476,103.58229969394762,287.5822996939476
322,2051.0836483264566,417.08364832645674,313.08364832645674,103.08364832645674,287.08364832645674
323,2050.5853885908696,416.5853885908696,312.5853885908696,102.58538859086963,286.5853885908696
324,2050.0875703127444,416.08757031274456,312.08757031274456,102.08757031274456,286.08757031274456
325,2049.5902432734947,415.5902432734946,311.5902432734946,101.59024327349458,285.5902432734946
326,2049.0934572054093,415.0934572054091,311.0934572054091,101.09345720540911,285.0934572054091
327,2048.597261786681,414.59726178668103,310.59726178668103,100.59726178668102,284.59726178668103
328,2048.101706636439,414.1017066364386,310.1017066364386,100.10170663643864,284.1017066364386
329,2047.6068413097842,413.6068413097841,309.6068413097841,99.60684130978407,283.6068413097841
330,2047.1127152928375,413.11271529283755,309.11271529283755,99.11271529283756,283.11271529283755
331,2046.6193779977891,412.61937799778906,308.61937799778906,98.61937799778909,282.61937799778906
332,2046.126878757957,412.12687875795694,308.12687875795694,98.12687875795697,282.12687875795694
333,2045.6352668228549,411.6352668228548,307.6352668228548,97.63526682285485,281.6352668228548
334,2045.1445913532666,411.1445913532665,307.1445913532665,97.1445913532665,281.1445913532665
335,2044.65490141633,410.65490141633,306.65490141633,96.65490141633,280.65490141633
336,2044.166245980631,410.166245980631,306.166245980631,96.16624598063102,280.166245980631
337,2043.6786739113059,409.67867391130585,305.67867391130585,95.67867391130585,279.67867391130585
338,2043.192233965155,409.19223396515514,305.19223396515514,95.19223396515515,279.19223396515514
339,2042.7069747857681,408.7069747857681,304.7069747857681,94.70697478576815,278.7069747857681
340,2042.2229448986584,408.22294489865845,304.22294489865845,94.22294489865844,278.22294489865845
341,2041.7401927064113,407.74019270641134,303.74019270641134,93.74019270641134,277.74019270641134
342,2041.2587664838438,407.2587664838438,303.2587664838438,93.2587664838438,277.2587664838438
343,2040.7787143731769,406.77871437317685,302.77871437317685,92.77871437317687,276.77871437317685
344,2040.3000843792215,406.30008437922163,302.30008437922163,92.30008437922162,276.30008437922163
345,2039.8229243645785,405.8229243645785,301.8229243645785,91.82292436457854,275.8229243645785
346,2039.3472820448515,405.3472820448515,301.3472820448515,91.34728204485148,275.3472820448515
347,2038.8732049838761,404.87320498387606,300.87320498387606,90.87320498387605,274.87320498387606
348,2038.4007405889633,404.4007405889633,300.4007405889633,90.40074058896329,274.4007405889633
349,2037.929936106159,403.92993610615895,299.92993610615895,89.92993610615895,273.92993610615895
350,2037.460838615519,403.46083861551904,299.46083861551904,89.46083861551901,273.46083861551904
351,2036.9934950264017,402.99349502640155,298.99349502640155,88.99349502640158,272.99349502640155
352,2036.527952072776,402.52795207277615,298.52795207277615,88.52795207277615,272.52795207277615
353,2036.06425630855,402.0642563085501,298.0642563085501,88.0642563085501,272.0642563085501
354,2035.6024541029135,401.6024541029135,297.6024541029135,87.60245410291348,271.6024541029135
355,2035.142591635702,401.142591635702,297.142591635702,87.14259163570199,271.142591635702
356,2034.684714892779,400.68471489277914,296.68471489277914,86.68471489277916,270.68471489277914
357,2034.2288696614378,400.22886966143767,296.22886966143767,86.22886966143768,270.22886966143767
358,2033.775101525821,399.77510152582084,295.77510152582084,85.77510152582087,269.77510152582084
359,2033.3234558623642,399.3234558623641,295.3234558623641,85.32345586236411,269.3234558623641
360,2032.8739778352574,398.8739778352574,294.8739778352574,84.87397783525738,268.8739778352574
361,2032.4267123919287,398.42671239192885,294.42671239192885,84.42671239192885,268.42671239192885
362,2031.98170425855,397.9817042585501,293.9817042585501,83.98170425855008,267.9817042585501
363,2031.5389979355637,397.53899793556366,293.53899793556366,83.53899793556364,267.53899793556366
364,2031.0986376932328,397.09863769323283,293.09863769323283,83.09863769323286,267.09863769323283
365,2030.6606675672151,396.66066756721506,292.66066756721506,82.66066756721503,266.66066756721506
366,2030.2251313541578,396.2251313541577,292.2251313541577,82.22513135415775,266.2251313541577
367,2029.7920726073194,395.7920726073194,291.7920726073194,81.79207260731943,265.7920726073194
368,2029.3615346322138,395.3615346322138,291.3615346322138,81.36153463221382,265.3615346322138
369,2028.9335604822797,394.9335604822797,290.9335604822797,80.93356048227967,264.9335604822797
370,2028.5081929545754,394.50819295457535,290.50819295457535,80.50819295457532,264.50819295457535
371,2028.085474585499,394.0854745854991,290.0854745854991,80.08547458549913,264.0854745854991
372,2027.6654476465355,393.66544764653565,289.66544764653565,79.66544764653564,263.66544764653565
373,2027.2481541400289,393.2481541400288,289.2481541400288,79.24815414002882,263.2481541400288
374,2026.8336357949815,392.8336357949815,288.8336357949815,78.83363579498149,262.8336357949815
375,2026.4219340628829,392.4219340628828,288.4219340628828,78.42193406288281,262.4219340628828
376,2026.0130901135628,392.01309011356284,288.01309011356284,78.01309011356284,262.01309011356284
377,2025.6071448310759,391.60714483107586,287.60714483107586,77.60714483107586,261.60714483107586
378,2025.2041388096118,391.2041388096118,287.2041388096118,77.20413880961179,261.2041388096118
379,2024.804112349437,390.804112349437,286.804112349437,76.80411234943696,260.804112349437
380,2024.407105452864,390.407105452864,286.407105452864,76.40710545286404,260.407105452864
381,2024.0131578202518,390.0131578202518,286.0131578202518,76.01315782025183,260.0131578202518
382,2023.6223088460354,389.6223088460353,285.6223088460353,75.62230884603531,259.6223088460353
383,2023.2345976147863,389.2345976147862,285.2345976147862,75.23459761478622,259.2345976147862
384,2022.8500628973045,388.85006289730455,284.85006289730455,74.85006289730455,258.85006289730455
385,2022.4687431467416,388.46874314674164,284.46874314674164,74.46874314674163,258.46874314674164
386,2022.0906764947547,388.09067649475475,284.09067649475475,74.09067649475475,258.09067649475475
387,2021.7159007476941,387.71590074769404,283.71590074769404,73.71590074769404,257.71590074769404
388,2021.344453382822,387.34445338282194,283.34445338282194,73.34445338282191,257.34445338282194
389,2020.9763715445654,386.97637154456527,282.97637154456527,72.9763715445653,256.97637154456527
390,2020.6116920408012,386.6116920408013,282.6116920408013,72.6116920408013,256.6116920408013
391,2020.2504513391764,386.2504513391764,282.2504513391764,72.25045133917641,256.2504513391764
392,2019.8926855634597,385.89268556345974,281.89268556345974,71.89268556345974,255.89268556345974
393,2019.5384304899308,385.5384304899307,281.5384304899307,71.53843048993069,255.5384304899307
394,2019.1877215438014,385.18772154380144,281.18772154380144,71.18772154380147,255.18772154380147
395,2018.8405937956743,384.8405937956744,280.8405937956744,70.8405937956744,254.8405937956744
396,2018.497081958035,384.49708195803504,280.49708195803504,70.49708195803503,254.49708195803504
397,2018.157220381781,384.15722038178086,280.15722038178086,70.15722038178083,254.15722038178083
398,2017.8210430527863,383.82104305278625,279.82104305278625,69.82104305278627,253.82104305278625
399,2017.488583588504,383.48858358850407,279.48858358850407,69.48858358850406,253.48858358850407
400,2017.1598752346035,383.1598752346036,279.1598752346036,69.15987523460359,253.1598752346036
401,2016.8349508616463,382.83495086164635,278.83495086164635,68.83495086164633,252.83495086164635
402,2016.5138429617987,382.5138429617988,278.5138429617988,68.51384296179879,252.5138429617988
403,2016.1965836455834,382.19658364558336,278.19658364558336,68.19658364558339,252.1965836455834
404,2015.8832046386674,381.88320463866734,277.88320463866734,67.88320463866737,251.88320463866737
405,2015.5737372786903,381.57373727869026,277.57373727869026,67.57373727869025,251.57373727869026
406,2015.26821251213,381.26821251213016,277.26821251213016,67.26821251213013,251.26821251213013
407,2014.9666608912091,380.96666089120913,276.96666089120913,66.96666089120912,250.96666089120913
408,2014.669112570838,380.66911257083797,276.66911257083797,66.66911257083797,250.66911257083797
409,2014.3755973056009,380.37559730560076,276.37559730560076,66.37559730560079,250.3755973056008
410,2014.0861444467796,380.0861444467795,276.0861444467795,66.08614444677949,250.08614444677949
411,2013.8007829394187,379.8007829394187,275.8007829394187,65.80078293941871,249.8007829394187
412,2013.5195413194315,379.5195413194315,275.5195413194315,65.51954131943145,249.51954131943145
413,2013.2424477107454,379.2424477107453,275.2424477107453,65.24244771074532,249.24244771074532
414,2012.9695298224904,378.96952982249024,274.96952982249024,64.96952982249027,248.96952982249027
415,2012.7008149462276,378.7008149462277,274.7008149462277,64.70081494622767,248.70081494622767
416,2012.4363299532213,378.4363299532213,274.4363299532213,64.43632995322127,248.43632995322127
417,2012.17610129175,378.17610129174994,274.17610129174994,64.17610129174994,248.17610129174994
418,2011.920154984463,377.92015498446295,273.92015498446295,63.920154984462975,247.92015498446298
419,2011.6685166257778,377.6685166257778,273.6685166257778,63.668516625777784,247.66851662577778
420,2011.4212113793205,377.4212113793206,273.4212113793206,63.42121137932059,247.4212113793206
421,2011.17826397541,377.17826397540995,273.17826397540995,63.17826397540993,247.17826397540995
422,2010.9396987085838,376.9396987085837,272.9396987085837,62.939698708583734,246.93969870858373
423,2010.7055394351698,376.70553943516984,272.70553943516984,62.70553943516987,246.70553943516987
424,2010.4758095709005,376.4758095709006,272.4758095709006,62.47580957090057,246.47580957090057
425,2010.2505320885707,376.2505320885708,272.2505320885708,62.25053208857082,246.25053208857082
426,2010.029729515741,376.0297295157411,272.0297295157411,62.02972951574112,246.0297295157411
427,2009.8134239324847,375.81342393248474,271.81342393248474,61.81342393248472,245.8134239324847
428,2009.6016369691797,375.6016369691797,271.6016369691797,61.60163696917973,245.60163696917974
429,2009.394389804346,375.39438980434596,271.39438980434596,61.394389804345984,245.394389804346
430,2009.1917031625273,375.19170316252723,271.19170316252723,61.191703162527254,245.19170316252726
431,2008.9935973122188,374.9935973122188,270.9935973122188,60.993597312218796,244.9935973122188
432,2008.8000920638406,374.8000920638406,270.8000920638406,60.8000920638406,244.8000920638406
433,2008.6112067677561,374.61120676775624,270.61120676775624,60.61120676775622,244.61120676775622
434,2008.4269603123378,374.4269603123379,270.4269603123379,60.426960312337876,244.42696031233788
435,2008.2473711220775,374.24737112207754,270.24737112207754,60.24737112207753,244.24737112207754
436,2008.0724571557446,374.0724571557446,270.0724571557446,60.07245715574461,244.07245715574462
437,2007.90223590459,373.90223590458993,269.90223590458993,59.90223590458995,243.90223590458996
438,2007.736724390597,373.7367243905968,269.7367243905968,59.736724390596834,243.73672439059683
439,2007.5759391647787,373.57593916477873,269.57593916477873,59.57593916477872,243.57593916477873
440,2007.4198963055242,373.41989630552416,269.41989630552416,59.41989630552419,243.4198963055242
441,2007.2686114169892,373.2686114169892,269.2686114169892,59.26861141698918,243.2686114169892
442,2007.1220996275365,373.12209962753644,269.12209962753644,59.12209962753644,243.12209962753644
443,2006.9803755882228,372.98037558822284,268.98037558822284,58.980375588222834,242.98037558822284
444,2006.8434534713342,372.84345347133416,268.84345347133416,58.843453471334165,242.84345347133416
445,2006.711346968968,372.7113469689681,268.7113469689681,58.71134696896806,242.71134696896806
446,2006.5840692916647,372.58406929166466,268.58406929166466,58.58406929166464,242.58406929166463
447,2006.4616331670857,372.4616331670856,268.4616331670856,58.46163316708559,242.46163316708558
448,2006.3440508387414,372.3440508387413,268.3440508387413,58.3440508387413,242.3440508387413
449,2006.2313340647668,372.23133406476666,268.23133406476666,58.23133406476668,242.23133406476668
450,2006.1234941167452,372.1234941167452,268.1234941167452,58.12349411674515,242.12349411674515
451,2006.0205417785817,372.0205417785817,268.0205417785817,58.02054177858166,242.02054177858167
452,2005.9224873454243,371.9224873454242,267.9224873454242,57.92248734542422,241.92248734542423
453,2005.8293406226344,371.82934062263445,267.82934062263445,57.82934062263446,241.82934062263445
454,2005.7411109248071,371.741110924807,267.741110924807,57.741110924807025,241.74111092480703
455,2005.6578070748383,371.65780707483816,267.65780707483816,57.657807074838175,241.65780707483816
456,2005.5794374030434,371.57943740304347,267.57943740304347,57.57943740304347,241.57943740304347
457,2005.5060097463247,371.5060097463248,267.5060097463248,57.50600974632481,241.50600974632482
458,2005.4375314473866,371.4375314473867,267.4375314473867,57.437531447386654,241.43753144738665
459,2005.3740093540018,371.3740093540018,267.3740093540018,57.37400935400184,241.37400935400183
460,2005.3154498183267,371.3154498183268,267.3154498183268,57.315449818326776,241.31544981832678
461,2005.2618586962662,371.26185869626624,267.26185869626624,57.26185869626622,241.26185869626622
462,2005.2132413468878,371.21324134688774,267.21324134688774,57.213241346887735,241.21324134688774
463,2005.1696026318857,371.1696026318857,267.1696026318857,57.169602631885724,241.1696026318857
464,2005.1309469150954,371.13094691509536,267.13094691509536,57.130946915095336,241.13094691509534
465,2005.097278062056,371.09727806205603,267.09727806205603,57.09727806205603,241.09727806205603
466,2005.0685994396251,371.0685994396251,267.0685994396251,57.06859943962505,241.06859943962505
467,2005.0449139156408,371.0449139156408,267.0449139156408,57.04491391564076,241.04491391564076
468,2005.0262238586358,371.02622385863583,267.02622385863583,57.0262238586358,241.0262238586358
469,2005.0125311376003,371.0125311376003,267.0125311376003,57.012531137600305,241.01253113760032
470,2005.003837121795,371.00383712179496,267.00383712179496,57.00383712179496,241.00383712179496
471,2005.000142680614,371.0001426806141,267.0001426806141,57.000142680614104,241.0001426806141
472,2005.0014481834987,371.0014481834988,267.0014481834988,57.00144818349877,241.00144818349878
473,2005.0077534998998,371.00775349989976,267.00775349989976,57.007753499899785,241.0077534998998
474,2005.0190579992907,371.01905799929074,267.01905799929074,57.01905799929073,241.01905799929074
475,2005.0353605512312,371.0353605512311,267.0353605512311,57.0353605512311,241.0353605512311
476,2005.0566595254793,371.0566595254793,267.0566595254793,57.05665952547929,241.0566595254793
477,2005.0829527921555,371.08295279215565,267.08295279215565,57.08295279215562,241.08295279215562
478,2005.1142377219553,371.1142377219553,267.1142377219553,57.114237721955334,241.11423772195533
479,2005.1505111864114,371.1505111864115,267.1505111864115,57.15051118641152,241.1505111864115
480,2005.1917695582079,371.19176955820797,267.19176955820797,57.191769558207966,241.19176955820797
481,2005.2380087115419,371.23800871154185,267.23800871154185,57.23800871154187,241.23800871154188
482,2005.2892240225365,371.2892240225364,267.2892240225364,57.28922402253643,241.28922402253642
483,2005.3454103697031,371.34541036970325,267.34541036970325,57.34541036970323,241.34541036970325
484,2005.4065621344544,371.40656213445436,267.40656213445436,57.40656213445437,241.40656213445436
485,2005.4726732016643,371.47267320166435,267.47267320166435,57.47267320166434,241.47267320166435
486,2005.5437369602814,371.54373696028154,267.54373696028154,57.54373696028151,241.5437369602815
487,2005.6197463039891,371.61974630398925,267.61974630398925,57.61974630398923,241.61974630398925
488,2005.7006936319165,371.70069363191647,267.70069363191647,57.70069363191648,241.70069363191647
489,2005.786570849398,371.7865708493979,267.7865708493979,57.78657084939792,241.78657084939792
490,2005.8773693687833,371.8773693687834,267.8773693687834,57.87736936878338,241.87736936878338
491,2005.9730801102965,371.97308011029656,267.97308011029656,57.97308011029655,241.97308011029656
492,2006.0736935029431,372.07369350294306,268.07369350294306,58.07369350294307,242.07369350294306
493,2006.1791994854675,372.1791994854675,268.1791994854675,58.179199485467514,242.1791994854675
494,2006.2895875073596,372.28958750735956,268.28958750735956,58.28958750735955,242.28958750735956
495,2006.404846529909,372.404846529909,268.404846529909,58.40484652990896,242.40484652990895
496,2006.5249650273095,372.5249650273096,268.5249650273096,58.52496502730956,242.52496502730958
497,2006.6499309878118,372.6499309878117,268.6499309878117,58.6499309878117,242.6499309878117
498,2006.7797319149236,372.77973191492345,268.77973191492345,58.779731914923474,242.77973191492347
499,2006.9143548286604,372.91435482866035,268.91435482866035,58.91435482866033,242.91435482866032
500,2007.053786266843,373.0537862668431,269.0537862668431,59.053786266843076,243.05378626684308
501,2007.198012286444,373.1980122864441,269.1980122864441,59.1980122864441,243.1980122864441
502,2007.3470184649816,373.3470184649816,269.3470184649816,59.34701846498162,243.34701846498163
503,2007.500789901962,373.500789901962,269.500789901962,59.50078990196196,243.50078990196195
504,2007.6593112203695,373.65931122036955,269.65931122036955,59.65931122036955,243.65931122036955
505,2007.8225665682046,373.82256656820465,269.82256656820465,59.82256656820467,243.82256656820468
506,2007.9905396200686,373.9905396200686,269.9905396200686,59.99053962006858,243.99053962006857
507,2008.163213578796,374.16321357879605,270.16321357879605,60.163213578796054,244.16321357879605
508,2008.3405711771352,374.34057117713513,270.34057117713513,60.34057117713512,244.34057117713513
509,2008.5225946794737,374.52259467947374,270.52259467947374,60.52259467947375,244.52259467947374
510,2008.7092658836134,374.7092658836134,270.7092658836134,60.70926588361339,244.7092658836134
511,2008.9005661225892,374.90056612258917,270.90056612258917,60.90056612258918,244.90056612258917
512,2009.0964762665367,375.0964762665367,271.0964762665367,61.096476266536655,245.09647626653665
513,2009.2969767246047,375.29697672460463,271.29697672460463,61.29697672460465,245.29697672460463
514,2009.5020474469145,375.50204744691445,271.50204744691445,61.50204744691447,245.50204744691447
515,2009.7116679265648,375.71166792656476,271.71166792656476,61.71166792656478,245.7116679265648
516,2009.9258172016823,375.92581720168226,271.92581720168226,61.92581720168226,245.92581720168226
517,2010.1444738575178,376.1444738575179,272.1444738575179,62.14447385751788,246.14447385751788
518,2010.3676160285884,376.36761602858826,272.36761602858826,62.367616028588266,246.36761602858826
519,2010.5952214008623,376.5952214008623,272.5952214008623,62.595221400862286,246.59522140086227
520,2010.8272672139924,376.82726721399234,272.82726721399234,62.82726721399234,246.82726721399234
521,2011.0637302635905,377.0637302635905,273.0637302635905,63.06373026359051,247.06373026359051
522,2011.3045869035489,377.30458690354885,273.30458690354885,63.30458690354888,247.30458690354888
523,2011.5498130484043,377.5498130484042,273.5498130484042,63.5498130484042,247.5498130484042
524,2011.7993841757464,377.7993841757463,273.7993841757463,63.79938417574628,247.7993841757463
525,2012.0532753286705,378.0532753286704,274.0532753286704,64.0532753286704,248.0532753286704
526,2012.3114611182727,378.31146111827286,274.31146111827286,64.31146111827283,248.31146111827283
527,2012.5739157261899,378.5739157261898,274.5739157261898,64.5739157261898,248.5739157261898
528,2012.840612907179,378.84061290717915,274.84061290717915,64.84061290717916,248.84061290717915
529,2013.111525991745,379.1115259917451,275.1115259917451,65.11152599174511,249.1115259917451
530,2013.386627888805,379.3866278888049,275.3866278888049,65.38662788880494,249.38662788880492
531,2013.6658910883982,379.6658910883982,275.6658910883982,65.66589108839821,249.6658910883982
532,2013.9492876644376,379.94928766443763,275.94928766443763,65.94928766443765,249.94928766443763
533,2014.2367892775019,380.2367892775018,276.2367892775018,66.23678927750183,250.23678927750183
534,2014.528367177669,380.528367177669,276.528367177669,66.52836717766903,250.52836717766903
535,2014.8239922073922,380.8239922073922,276.8239922073922,66.82399220739224,250.82399220739222
536,2015.1236348044147,381.1236348044148,277.1236348044148,67.12363480441479,251.1236348044148
537,2015.4272650047267,381.4272650047267,277.4272650047267,67.4272650047267,251.4272650047267
538,2015.734852445561,381.734852445561,277.734852445561,67.73485244556097,251.734852445561
539,2016.0463663684297,382.04636636842986,278.04636636842986,68.04636636842984,252.04636636842986
540,2016.3617756222006,382.36177562220064,278.36177562220064,68.36177562220064,252.36177562220064
541,2016.6810486662107,382.6810486662108,278.6810486662108,68.68104866621078,252.68104866621078
542,2017.004153573422,383.00415357342195,279.00415357342195,69.00415357342195,253.00415357342195
543,2017.3310580336126,383.3310580336127,279.3310580336127,69.33105803361268,253.3310580336127
544,2017.6617293566094,383.6617293566094,279.6617293566094,69.66172935660938,253.66172935660938
545,2017.9961344755552,383.99613447555527,279.99613447555527,69.99613447555528,253.99613447555527
546,2018.3342399502171,384.3342399502172,280.3342399502172,70.33423995021718,254.33423995021718
547,2018.6760119703295,384.67601197032934,280.67601197032934,70.67601197032934,254.67601197032934
548,2019.0214163589746,385.02141635897465,281.02141635897465,71.02141635897462,255.02141635897462
549,2019.3704185760018,385.37041857600195,281.37041857600195,71.37041857600192,255.37041857600192
550,2019.7229837214804,385.72298372148043,281.72298372148043,71.7229837214804,255.7229837214804
551,2020.0790765391894,386.0790765391893,282.0790765391893,72.07907653918932,256.0790765391893
552,2020.4386614201437,386.43866142014366,282.43866142014366,72.43866142014369,256.43866142014366
553,2020.801702406155,386.80170240615496,282.80170240615496,72.80170240615497,256.80170240615496
554,2021.168163193427,387.1681631934272,283.1681631934272,73.16816319342716,257.1681631934272
555,2021.538007136187,387.5380071361869,283.5380071361869,73.5380071361869,257.5380071361869
556,2021.911197250348,387.91119725034815,283.91119725034815,73.91119725034815,257.91119725034815
557,2022.2876962172104,388.28769621721045,284.28769621721045,74.28769621721042,258.28769621721045
558,2022.6674663871909,388.6674663871908,284.6674663871908,74.66746638719083,258.6674663871908
559,2023.0504697835888,389.0504697835888,285.0504697835888,75.05046978358881,259.0504697835888
560,2023.4366681063839,389.43666810638393,285.43666810638393,75.43666810638396,259.43666810638393
561,2023.8260227360656,389.82602273606574,285.82602273606574,75.82602273606574,259.82602273606574
562,2024.2184947374956,390.2184947374957,286.2184947374957,76.21849473749569,260.2184947374957
563,2024.6140448638007,390.6140448638007,286.6140448638007,76.61404486380071,260.6140448638007
564,2025.012633560298,391.0126335602978,287.0126335602978,77.01263356029781,261.0126335602978
565,2025.4142209684496,391.4142209684495,287.4142209684495,77.41422096844953,261.4142209684495
566,2025.8187669298497,391.81876692984963,287.81876692984963,77.81876692984963,261.81876692984963
567,2026.2262309902392,392.2262309902391,288.2262309902391,78.22623099023915,262.2262309902391
568,2026.6365724035516,392.63657240355155,288.63657240355155,78.63657240355157,262.63657240355155
569,2027.0497501359876,393.04975013598755,289.04975013598755,79.04975013598757,263.04975013598755
570,2027.465722870118,393.4657228701181,289.4657228701181,79.46572287011813,263.4657228701181
571,2027.8844490090164,393.8844490090165,289.8844490090165,79.8844490090165,263.8844490090165
572,2028.3058866804179,394.30588668041776,290.30588668041776,80.30588668041779,264.30588668041776
573,2028.7299937409061,394.729993740906,290.729993740906,80.72999374090604,264.729993740906
574,2029.1567277801287,395.15672778012856,291.15672778012856,81.15672778012856,265.15672778012856
575,2029.586046125037,395.5860461250371,291.5860461250371,81.58604612503709,265.5860461250371
576,2030.017905844155,396.0179058441549,292.0179058441549,82.01790584415488,266.0179058441549
577,2030.4522637518699,396.45226375186996,292.45226375186996,82.45226375186995,266.45226375186996
578,2030.8890764127534,396.8890764127534,292.8890764127534,82.88907641275343,266.8890764127534
579,2031.3283001459033,397.32830014590326,293.32830014590326,83.32830014590324,267.32830014590326
580,2031.769891029312,397.76989102931213,293.76989102931213,83.76989102931213,267.76989102931213
581,2032.2138049042599,398.21380490425975,294.21380490425975,84.21380490425976,268.21380490425975
582,2032.6599973797286,398.6599973797285,294.6599973797285,84.6599973797285,268.6599973797285
583,2033.1084238368426,399.10842383684263,295.10842383684263,85.10842383684266,269.10842383684263
584,2033.55903943333,399.5590394333302,295.5590394333302,85.55903943333021,269.5590394333302
585,2034.0117991080072,400.01179910800704,296.01179910800704,86.01179910800705,270.01179910800704
586,2034.466657585283,400.466657585283,296.466657585283,86.46665758528296,270.466657585283
587,2034.9235693796893,400.9235693796893,296.9235693796893,86.92356937968927,270.9235693796893
588,2035.3824888004274,401.3824888004273,297.3824888004273,87.38248880042731,271.3824888004273
589,2035.8433699559375,401.8433699559374,297.8433699559374,87.84336995593743,271.8433699559374
590,2036.3061667584882,402.3061667584882,298.3061667584882,88.3061667584882,272.3061667584882
591,2036.770832928785,402.77083292878496,298.77083292878496,88.77083292878493,272.77083292878496
592,2037.237322000598,403.2373220005979,299.2373220005979,89.23732200059787,273.2373220005979
593,2037.7055873254085,403.70558732540854,299.70558732540854,89.70558732540856,273.70558732540854
594,2038.1755820770748,404.1755820770748,300.1755820770748,90.1755820770748,274.1755820770748
595,2038.647259256513,404.64725925651294,300.64725925651294,90.64725925651297,274.64725925651294
596,2039.1205716963982,405.12057169639826,301.12057169639826,91.12057169639826,275.12057169639826
597,2039.595472065881,405.5954720658811,301.5954720658811,91.5954720658811,275.5954720658811
598,2040.0719128753203,406.0719128753203,302.0719128753203,92.07191287532032,276.0719128753203
599,2040.5498464810319,406.5498464810319,302.5498464810319,92.54984648103195,276.5498464810319
600,2041.0292250900536,407.0292250900537,303.0292250900537,93.0292250900537,277.0292250900537
601,2041.5100007649241,407.5100007649242,303.5100007649242,93.51000076492419,277.5100007649242
602,2041.9921254284766,407.9921254284766,303.9921254284766,93.9921254284766,277.9921254284766
603,2042.4755508686462,408.4755508686463,304.4755508686463,94.47555086864625,278.4755508686463
604,2042.960228743292,408.960228743292,304.960228743292,94.96022874329203,278.960228743292
605,2043.4461105850303,409.4461105850304,305.4461105850304,95.44611058503038,279.4461105850304
606,2043.9331478060822,409.93314780608205,305.93314780608205,95.93314780608206,279.93314780608205
607,2044.4212917031307,410.42129170313075,306.42129170313075,96.42129170313075,280.42129170313075
608,2044.9104934621935,410.91049346219353,306.91049346219353,96.91049346219356,280.91049346219353
609,2045.4007041635023,411.40070416350227,307.40070416350227,97.40070416350225,281.40070416350227
610,2045.8918747863952,411.89187478639525,307.89187478639525,97.89187478639525,281.89187478639525
611,2046.3839562142196,412.3839562142195,308.3839562142195,98.3839562142195,282.3839562142195
612,2046.8768992392422,412.8768992392423,308.8768992392423,98.87689923924229,282.8768992392423
613,2047.370654567572,413.37065456757193,309.37065456757193,99.37065456757195,283.37065456757193
614,2047.865172824087,413.8651728240871,309.8651728240871,99.86517282408711,283.8651728240871
615,2048.3604045573743,414.3604045573742,310.3604045573742,100.36040455737417,284.3604045573742
616,2048.8563002446726,414.8563002446725,310.8563002446725,100.8563002446725,284.8563002446725
617,2049.3528102968266,415.35281029682665,311.35281029682665,101.35281029682663,285.35281029682665
618,2049.849885063245,415.8498850632451,311.8498850632451,101.84988506324511,285.8498850632451
619,2050.3474748368653,416.34747483686556,312.34747483686556,102.34747483686556,286.34747483686556
620,2050.8455298591252,416.8455298591252,312.8455298591252,102.84552985912518,286.8455298591252
621,2051.344000324937,417.34400032493687,313.34400032493687,103.34400032493684,287.34400032493687
622,2051.842836387669,417.84283638766937,313.84283638766937,103.84283638766937,287.84283638766937
623,2052.341988164132,418.3419881641322,314.3419881641322,104.34198816413219,288.3419881641322
624,2052.8414057395635,418.8414057395636,314.8414057395636,104.84140573956357,288.8414057395636
625,2053.341039172622,419.3410391726222,315.3410391726222,105.34103917262216,289.3410391726222
626,2053.840838500381,419.84083850038104,315.84083850038104,105.84083850038103,289.84083850038104
627,2054.340753743324,420.34075374332394,316.34075374332394,106.34075374332394,290.34075374332394
628,2054.840734910343,420.8407349103431,316.8407349103431,106.8407349103431,290.8407349103431
629,2055.3407320037386,421.3407320037385,317.3407320037385,107.34073200373851,291.3407320037385
630,2055.8406950242174,421.8406950242175,317.8406950242175,107.84069502421748,291.8406950242175
631,2056.3405739758946,422.34057397589464,318.34057397589464,108.34057397589466,292.34057397589464
632,2056.8403188712914,422.84031887129134,318.84031887129134,108.84031887129134,292.84031887129134
633,2057.3398797363343,423.33987973633447,319.33987973633447,109.3398797363345,293.33987973633447
634,2057.8392066153538,423.83920661535393,319.83920661535393,109.8392066153539,293.83920661535393
635,2058.338249576078,424.3382495760778,320.3382495760778,110.33824957607781,294.3382495760778
636,2058.836958714626,424.83695871462595,320.83695871462595,110.83695871462595,294.83695871462595
637,2059.3352841605,425.33528416050007,321.33528416050007,111.33528416050007,295.33528416050007
638,2059.833176081571,425.83317608157085,321.83317608157085,111.83317608157085,295.83317608157085
639,2060.330584689061,426.3305846890612,322.3305846890612,112.33058468906118,296.3305846890612
640,2060.8274602425245,426.8274602425247,322.8274602425247,112.82746024252468,296.8274602425247
641,2061.32375305482,427.32375305482014,323.32375305482014,113.32375305482013,297.32375305482014
642,2061.81941349708,427.8194134970799,323.8194134970799,113.81941349707988,297.8194134970799
643,2062.3143920036728,428.31439200367276,324.31439200367276,114.31439200367275,298.31439200367276
644,2062.8086390771605,428.8086390771606,324.8086390771606,114.80863907716059,298.8086390771606
645,2063.3021052932477,429.30210529324785,325.30210529324785,115.30210529324786,299.30210529324785
646,2063.794741305724,429.7947413057242,325.7947413057242,115.7947413057242,299.7947413057242
647,2064.286497851399,430.2864978513989,326.2864978513989,116.28649785139889,300.2864978513989
648,2064.777325755027,430.7773257550272,326.7773257550272,116.7773257550272,300.7773257550272
649,2065.267175934228,431.26717593422774,327.26717593422774,117.26717593422774,301.26717593422774
650,2065.755999404391,431.75599940439076,327.75599940439076,117.75599940439078,301.75599940439076
651,2066.243747283577,432.2437472835767,328.2437472835767,118.24374728357668,302.2437472835767
652,2066.7303707974042,432.730370797404,328.730370797404,118.73037079740403,302.730370797404
653,2067.2158212839267,433.21582128392686,329.21582128392686,119.21582128392689,303.21582128392686
654,2067.7000501985012,433.7000501985012,329.7000501985012,119.70005019850116,303.7000501985012
655,2068.183009118639,434.1830091186389,330.1830091186389,120.18300911863892,304.1830091186389
656,2068.6646497488505,434.66464974885065,330.66464974885065,120.66464974885066,304.66464974885065
657,2069.144923925475,435.14492392547464,331.14492392547464,121.14492392547464,305.14492392547464
658,2069.6237836214937,435.6237836214935,331.6237836214935,121.62378362149349,305.6237836214935
659,2070.1011809513366,436.10118095133663,332.10118095133663,122.10118095133662,306.10118095133663
660,2070.577068175669,436.57706817566896,332.57706817566896,122.57706817566893,306.57706817566896
661,2071.0513977061646,437.0513977061645,333.0513977061645,123.0513977061645,307.0513977061645
662,2071.5241221102656,437.5241221102655,333.5241221102655,123.52412211026555,307.5241221102655
663,2071.9951941159256,437.99519411592564,333.99519411592564,123.99519411592564,307.99519411592564
664,2072.464566616337,438.4645666163368,334.4645666163368,124.46456661633678,308.4645666163368
665,2072.93219267464,438.93219267464,334.93219267464,124.93219267464002,308.93219267464
666,2073.398025528619,439.39802552861926,335.39802552861926,125.39802552861923,309.39802552861926
667,2073.8620185953773,439.8620185953772,335.8620185953772,125.86201859537722,309.8620185953772
668,2074.324125475994,440.324125475994,336.324125475994,126.32412547599397,310.324125475994
669,2074.7842999601667,440.78429996016655,336.78429996016655,126.78429996016654,310.78429996016655
670,2075.24249603083,441.2424960308299,337.2424960308299,127.24249603082991,311.2424960308299
671,2075.698667868759,441.6986678687589,337.6986678687589,127.6986678687589,311.6986678687589
672,2076.15276985715,442.15276985714985,338.15276985714985,128.15276985714985,312.15276985714985
673,2076.6047565861822,442.60475658618236,338.60475658618236,128.60475658618236,312.60475658618236
674,2077.05458285756,443.0545828575601,339.0545828575601,129.05458285756012,313.0545828575601
675,2077.502203689031,443.50220368903086,339.50220368903086,129.5022036890309,313.50220368903086
676,2077.9475743188846,443.9475743188845,339.9475743188845,129.9475743188845,313.9475743188845
677,2078.390650210429,444.3906502104292,340.3906502104292,130.39065021042921,314.3906502104292
678,2078.831387056445,444.83138705644495,340.83138705644495,130.83138705644498,314.83138705644495
679,2079.2697407836145,445.2697407836145,341.2697407836145,131.2697407836145,315.2697407836145
680,2079.7056675569306,445.7056675569304,341.7056675569304,131.7056675569304,315.7056675569304
681,2080.1391237840785,446.13912378407866,342.13912378407866,132.13912378407863,316.13912378407866
682,2080.5700661197975,446.5700661197976,342.5700661197976,132.57006611979762,316.5700661197976
683,2080.998451470213,446.99845147021296,342.99845147021296,132.99845147021293,316.99845147021296
684,2081.4242369971466,447.4242369971465,343.4242369971465,133.42423699714655,317.4242369971465
685,2081.8473801224004,447.8473801224006,343.8473801224006,133.84738012240058,317.8473801224006
686,2082.267838532015,448.2678385320151,344.2678385320151,134.2678385320151,318.2678385320151
687,2082.6855701804993,448.68557018049955,344.68557018049955,134.68557018049952,318.68557018049955
688,2083.100533295037,449.10053329503717,345.10053329503717,135.10053329503714,319.10053329503717
689,2083.5126863796622,449.51268637966234,345.51268637966234,135.51268637966234,319.51268637966234
690,2083.92198821941,449.92198821941,345.92198821941,135.92198821941,319.92198821941
691,2084.3283978844374,450.3283978844373,346.3283978844373,136.32839788443732,320.3283978844373
692,2084.7318747341164,450.73187473411645,346.73187473411645,136.73187473411645,320.73187473411645
693,2085.1323784210986,451.1323784210986,347.1323784210986,137.13237842109862,321.1323784210986
694,2085.529868895349,451.52986889534895,347.52986889534895,137.52986889534895,321.52986889534895
695,2085.924306408151,451.9243064081512,347.9243064081512,137.9243064081512,321.9243064081512
696,2086.3156515160827,452.31565151608277,348.31565151608277,138.3156515160828,322.31565151608277
697,2086.703865084959,452.7038650849591,348.7038650849591,138.70386508495906,322.7038650849591
698,2087.0889082937465,453.08890829374667,349.08890829374667,139.08890829374667,323.08890829374667
699,2087.4707426384457,453.4707426384456,349.4707426384456,139.47074263844556,323.4707426384456
700,2087.8493299359393,453.84932993593947,349.84932993593947,139.84932993593947,323.84932993593947
701,2088.224632327814,454.2246323278141,350.2246323278141,140.2246323278141,324.2246323278141
702,2088.5966122841432,454.59661228414313,350.59661228414313,140.5966122841431,324.59661228414313
703,2088.9652326072405,454.96523260724075,350.96523260724075,140.96523260724075,324.96523260724075
704,2089.330456435382,455.3304564353819,351.3304564353819,141.33045643538193,325.3304564353819
705,2089.692247246488,455.6922472464882,351.6922472464882,141.6922472464882,325.6922472464882
706,2090.05056886178,456.05056886177994,352.05056886177994,142.05056886177994,326.05056886177994
707,2090.405385449394,456.4053854493942,352.4053854493942,142.4053854493942,326.4053854493942
708,2090.756661527968,456.7566615279679,352.7566615279679,142.75666152796788,326.7566615279679
709,2091.104361970186,457.1043619701859,353.1043619701859,143.10436197018592,327.1043619701859
710,2091.448452006294,457.44845200629385,353.44845200629385,143.44845200629382,327.44845200629385
711,2091.7888972275746,457.7888972275747,353.7888972275747,143.7888972275747,327.7888972275747
712,2092.1256635897903,458.12566358979007,354.12566358979007,144.1256635897901,328.12566358979007
713,2092.4587174165845,458.4587174165845,354.4587174165845,144.45871741658448,328.4587174165845
714,2092.788025402853,458.7880254028527,354.7880254028527,144.78802540285272,328.7880254028527
715,2093.1135546180703,459.11355461807057,355.11355461807057,145.11355461807057,329.11355461807057
716,2093.435272509588,459.4352725095878,355.4352725095878,145.43527250958778,329.4352725095878
717,2093.7531469058836,459.75314690588334,355.75314690588334,145.75314690588334,329.75314690588334
718,2094.0671460197823,460.0671460197825,356.0671460197825,146.0671460197825,330.0671460197825
719,2094.3772384516355,460.37723845163555,356.37723845163555,146.37723845163555,330.37723845163555
720,2094.6833931924575,460.68339319245763,356.68339319245763,146.68339319245766,330.68339319245763
721,2094.98557962703,460.9855796270299,356.9855796270299,146.9855796270299,330.9855796270299
722,2095.2837675369606,461.2837675369607,357.2837675369607,147.28376753696065,331.2837675369607
723,2095.577927103707,461.57792710370745,357.57792710370745,147.57792710370745,331.57792710370745
724,2095.8680289115587,461.86802891155867,357.86802891155867,147.86802891155864,331.86802891155867
725,2096.154043950575,462.15404395057527,358.15404395057527,148.15404395057527,332.15404395057527
726,2096.435943619492,462.43594361949175,358.43594361949175,148.43594361949175,332.43594361949175
727,2096.713699728576,462.71369972857616,358.71369972857616,148.71369972857616,332.71369972857616
728,2096.987284502449,462.987284502449,358.987284502449,148.987284502449,332.987284502449
729,2097.256670582861,463.25667058286086,359.25667058286086,149.25667058286086,333.25667058286086
730,2097.521831031428,463.52183103142823,359.52183103142823,149.52183103142823,333.52183103142823
731,2097.7827393323273,463.7827393323272,359.7827393323272,149.7827393323272,333.7827393323272
732,2098.039369394945,464.0393693949451,360.0393693949451,150.03936939494508,334.0393693949451
733,2098.2916955564897,464.2916955564895,360.2916955564895,150.2916955564895,334.2916955564895
734,2098.5396925845544,464.5396925845546,360.5396925845546,150.53969258455456,334.5396925845546
735,2098.783335679644,464.78333567964415,360.78333567964415,150.78333567964413,334.78333567964415
736,2099.022600477652,465.02260047765174,361.02260047765174,151.02260047765174,335.02260047765174
737,2099.2574630522968,465.2574630522969,361.2574630522969,151.2574630522969,335.2574630522969
738,2099.487899917518,465.487899917518,361.487899917518,151.48789991751798,335.487899917518
739,2099.7138880298203,465.71388802982045,361.71388802982045,151.71388802982045,335.71388802982045
740,2099.9354047905813,465.93540479058134,361.93540479058134,151.93540479058134,335.93540479058134
741,2100.152428048309,466.1524280483092,362.1524280483092,152.15242804830925,336.1524280483092
742,2100.3649361008593,466.3649361008592,362.3649361008592,152.3649361008592,336.3649361008592
743,2100.572907697603,466.57290769760306,362.57290769760306,152.57290769760306,336.57290769760306
744,2100.7763220415545,466.77632204155447,362.77632204155447,152.77632204155447,336.77632204155447
745,2100.9751587914484,466.9751587914485,362.9751587914485,152.97515879144854,336.9751587914485
746,2101.169398063776,467.16939806377593,363.16939806377593,153.16939806377593,337.16939806377593
747,2101.3590204347715,467.35902043477137,363.35902043477137,153.35902043477134,337.35902043477137
748,2101.5440069423557,467.5440069423557,363.5440069423557,153.54400694235568,337.5440069423557
749,2101.724339088032,467.7243390880323,363.7243390880323,153.7243390880323,337.7243390880323
750,2101.899998838737,467.89999883873696,363.89999883873696,153.89999883873696,337.89999883873696
751,2102.070968628641,468.0709686286409,364.0709686286409,154.0709686286409,338.0709686286409
752,2102.2372313609076,468.2372313609077,364.2372313609077,154.2372313609077,338.2372313609077
753,2102.3987704094025,468.39877040940263,364.39877040940263,154.39877040940263,338.39877040940263
754,2102.5555696203555,468.55556962035547,364.55556962035547,154.55556962035544,338.55556962035547
755,2102.707613313976,468.70761331397574,364.70761331397574,154.70761331397574,338.70761331397574
756,2102.8548862860207,468.85488628602087,364.85488628602087,154.85488628602087,338.85488628602087
757,2102.9973738093163,468.9973738093163,364.9973738093163,154.99737380931631,338.9973738093163
758,2103.1350616352283,469.1350616352285,365.1350616352285,155.1350616352285,339.1350616352285
759,2103.2679359950894,469.2679359950896,365.2679359950896,155.2679359950896,339.2679359950896
760,2103.3959836015742,469.39598360157436,365.39598360157436,155.39598360157433,339.39598360157436
761,2103.519191650029,469.51919165002874,365.51919165002874,155.51919165002874,339.51919165002874
762,2103.6375478197506,469.6375478197507,365.6375478197507,155.6375478197507,339.6375478197507
763,2103.751040275222,469.75104027522184,365.75104027522184,155.7510402752218,339.75104027522184
764,2103.8596576672912,469.8596576672912,365.8596576672912,155.85965766729115,339.8596576672912
765,2103.96338913431,469.96338913431,365.96338913431,155.96338913431,339.96338913431
766,2104.062224303218,470.0622243032181,366.0622243032181,156.0622243032181,340.0622243032181
767,2104.1561532905807,470.15615329058096,366.15615329058096,156.15615329058093,340.15615329058096
768,2104.245166703578,470.24516670357804,366.24516670357804,156.24516670357804,340.24516670357804
769,2104.3292556409424,470.3292556409423,366.3292556409423,156.32925564094228,340.3292556409423
770,2104.40841169385,470.40841169385004,366.40841169385004,156.40841169385,340.40841169385004
771,2104.4826269467617,470.4826269467619,366.4826269467619,156.4826269467619,340.4826269467619
772,2104.5518939782146,470.5518939782145,366.5518939782145,156.55189397821448,340.5518939782145
773,2104.6162058615623,470.6162058615624,366.6162058615624,156.61620586156238,340.6162058615624
774,2104.675556165671,470.6755561656708,366.6755561656708,156.6755561656708,340.6755561656708
775,2104.7299389555587,470.7299389555588,366.7299389555588,156.7299389555588,340.7299389555588
776,2104.7793487929926,470.7793487929927,366.7793487929927,156.77934879299275,340.7793487929927
777,2104.82378073703,470.82378073703,366.82378073703,156.82378073703003,340.82378073703
778,2104.8632303445133,470.8632303445133,366.8632303445133,156.86323034451328,340.8632303445133
779,2104.897693670515,470.8976936705146,366.8976936705146,156.89769367051466,340.8976936705146
780,2104.92716726873,470.9271672687303,366.9271672687303,156.92716726873024,340.9271672687303
781,2104.951648191825,470.9516481918248,366.9516481918248,156.9516481918248,340.9516481918248
782,2104.971133991726,470.9711339917264,366.9711339917264,156.9711339917264,340.9711339917264
783,2104.985622719871,470.9856227198713,366.9856227198713,156.9856227198713,340.9856227198713
784,2104.9951129273986,470.99511292739874,366.99511292739874,156.99511292739876,340.99511292739874
785,2104.999603665296,470.9996036652959,366.9996036652959,156.99960366529592,340.9996036652959
786,2104.9990944844926,470.9990944844928,366.9990944844928,156.9990944844928,340.9990944844928
787,2104.993585435907,470.99358543590694,366.99358543590694,156.99358543590694,340.99358543590694
788,2104.983077070439,470.9830770704387,366.9830770704387,156.9830770704387,340.9830770704387
789,2104.967570438916,470.96757043891586,366.96757043891586,156.96757043891586,340.96757043891586
790,2104.9470670919886,470.94706709198863,366.94706709198863,156.9470670919886,340.94706709198863
791,2104.9215690799747,470.9215690799746,366.9215690799746,156.92156907997457,340.9215690799746
792,2104.8910789526535,470.89107895265374,366.89107895265374,156.89107895265371,340.89107895265374
793,2104.8555997590133,470.85559975901333,366.85559975901333,156.85559975901336,340.85559975901333
794,2104.8151350469434,470.8151350469433,366.8151350469433,156.81513504694328,340.8151350469433
795,2104.769688862881,470.769688862881,366.769688862881,156.769688862881,340.769688862881
796,2104.719265751407,470.719265751407,366.719265751407,156.71926575140702,340.719265751407
797,2104.6638707547904,470.6638707547905,366.6638707547905,156.66387075479048,340.6638707547905
798,2104.603509412485,470.60350941248487,366.60350941248487,156.6035094124849,340.60350941248487
799,2104.538187760574,470.53818776057415,366.53818776057415,156.53818776057417,340.53818776057415
800,2104.467912331169,470.4679123311691,366.4679123311691,156.4679123311691,340.4679123311691
801,2104.392690151754,470.392690151754,366.392690151754,156.392690151754,340.392690151754
802,2104.312528744484,470.3125287444842,366.3125287444842,156.31252874448418,340.3125287444842
803,2104.2274361254335,470.22743612543354,366.22743612543354,156.22743612543354,340.22743612543354
804,2104.1374208037932,470.1374208037931,366.1374208037931,156.13742080379308,340.1374208037931
805,2104.04249178102,470.04249178102,366.04249178102,156.04249178101998,340.04249178102
806,2103.9426585499373,469.9426585499374,365.9426585499374,155.94265854993736,339.9426585499374
807,2103.8379310937853,469.8379310937852,365.8379310937852,155.8379310937852,339.8379310937852
808,2103.728319885222,469.72831988522177,365.72831988522177,155.72831988522177,339.72831988522177
809,2103.613835885277,469.6138358852766,365.6138358852766,155.61383588527661,339.6138358852766
810,2103.4944905422544,469.4944905422543,365.4944905422543,155.4944905422543,339.4944905422543
811,2103.37029579059,469.37029579058975,365.37029579058975,155.37029579058975,339.37029579058975
812,2103.2412640496545,469.24126404965455,365.24126404965455,155.24126404965455,339.24126404965455
813,2103.1074082225155,469.1074082225153,365.1074082225153,155.10740822251532,339.1074082225153
814,2102.968741694643,468.9687416946432,364.9687416946432,154.9687416946432,338.9687416946432
815,2102.8252783325756,468.82527833257546,364.82527833257546,154.82527833257546,338.82527833257546
816,2102.677032482529,468.6770324825287,364.6770324825287,154.67703248252872,338.6770324825287
817,2102.5240189689644,468.52401896896447,364.52401896896447,154.52401896896444,338.52401896896447
818,2102.3662530931065,468.3662530931065,364.3662530931065,154.3662530931065,338.3662530931065
819,2102.203750631411,468.20375063141097,364.20375063141097,154.20375063141097,338.20375063141097
820,2102.0365278339887,468.03652783398866,364.03652783398866,154.03652783398866,338.03652783398866
821,2101.86460142298,467.8646014229799,363.8646014229799,153.8646014229799,337.8646014229799
822,2101.6879885908825,467.6879885908825,363.6879885908825,153.68798859088253,337.6879885908825
823,2101.5067069988327,467.5067069988326,363.5067069988326,153.50670699883264,337.5067069988326
824,2101.3207747748384,467.3207747748383,363.3207747748383,153.3207747748383,337.3207747748383
825,2101.130210511967,467.130210511967,363.130210511967,153.13021051196702,337.130210511967
826,2100.9350332664862,466.93503326648624,362.93503326648624,152.93503326648624,336.93503326648624
827,2100.735262555958,466.7352625559579,362.7352625559579,152.7352625559579,336.7352625559579
828,2100.5309183572867,466.5309183572865,362.5309183572865,152.5309183572865,336.5309183572865
829,2100.322021104722,466.32202110472167,362.32202110472167,152.3220211047217,336.32202110472167
830,2100.1085916878146,466.1085916878147,362.1085916878147,152.10859168781468,336.1085916878147
831,2099.890651449329,465.8906514493292,361.8906514493292,151.89065144932923,335.8906514493292
832,2099.6682221831074,465.6682221831076,361.6682221831076,151.6682221831076,335.6682221831076
833,2099.441326131891,465.44132613189106,361.44132613189106,151.44132613189106,335.44132613189106
834,2099.2099859850955,465.2099859850956,361.2099859850956,151.20998598509564,335.2099859850956
835,2098.9742248765433,464.97422487654325,360.97422487654325,150.97422487654325,334.97422487654325
836,2098.7340663821483,464.7340663821483,360.7340663821483,150.73406638214826,334.7340663821483
837,2098.48953451756,464.48953451755995,360.48953451755995,150.48953451755995,334.48953451755995
838,2098.240653735761,464.2406537357611,360.2406537357611,150.2406537357611,334.2406537357611
839,2097.987448924622,463.9874489246224,359.9874489246224,149.9874489246224,333.9874489246224
840,2097.729945404414,463.729945404414,359.729945404414,149.72994540441402,333.729945404414
841,2097.4681689252734,463.46816892527335,359.46816892527335,149.46816892527335,333.46816892527335
842,2097.2021456646303,463.2021456646302,359.2021456646302,149.2021456646302,333.2021456646302
843,2096.931902224589,462.9319022245889,358.9319022245889,148.9319022245889,332.9319022245889
844,2096.6574656292682,462.6574656292683,358.6574656292683,148.6574656292683,332.6574656292683
845,2096.3788633220993,462.3788633220992,358.3788633220992,148.3788633220992,332.3788633220992
846,2096.09612316308,462.0961231630801,358.0961231630801,148.0961231630801,332.0961231630801
847,2095.8092734259913,461.8092734259914,357.8092734259914,147.80927342599142,331.8092734259914
848,2095.5183427955676,461.5183427955677,357.5183427955677,147.51834279556775,331.5183427955677
849,2095.2233603646296,461.2233603646297,357.2233603646297,147.22336036462968,331.2233603646297
850,2094.9243556311744,460.92435563117454,356.92435563117454,146.9243556311745,330.92435563117454
851,2094.6213584954266,460.6213584954264,356.6213584954264,146.62135849542642,330.6213584954264
852,2094.3143992568466,460.31439925684646,356.31439925684646,146.31439925684646,330.31439925684646
853,2094.003508611103,460.0035086111027,356.0035086111027,146.00350861110272,330.0035086111027
854,2093.6887176470004,459.6887176470006,355.6887176470006,145.6887176470006,329.6887176470006
855,2093.3700578433745,459.37005784337435,355.37005784337435,145.37005784337435,329.37005784337435
856,2093.0475610659387,459.04756106593874,355.04756106593874,145.0475610659387,329.04756106593874
857,2092.7212595641026,458.7212595641027,354.7212595641027,144.72125956410267,328.7212595641027
858,2092.3911859677446,458.3911859677445,354.3911859677445,144.3911859677445,328.3911859677445
859,2092.057373283949,458.0573732839488,354.0573732839488,144.05737328394875,328.0573732839488
860,2091.719854893706,457.71985489370564,353.71985489370564,143.71985489370567,327.71985489370564
861,2091.378664548573,457.378664548573,353.378664548573,143.378664548573,327.378664548573
862,2091.033836367301,457.03383636730086,353.03383636730086,143.03383636730084,327.03383636730086
863,2090.6854048324203,456.6854048324201,352.6854048324201,142.68540483242012,326.6854048324201
864,2090.333404786794,456.3334047867939,352.3334047867939,142.3334047867939,326.3334047867939
865,2089.9778714301333,455.9778714301334,351.9778714301334,141.9778714301334,325.9778714301334
866,2089.618840315478,455.618840315478,351.618840315478,141.61884031547802,325.618840315478
867,2089.25634734564,455.25634734564005,351.25634734564005,141.25634734564002,325.25634734564005
868,2088.890428769614,454.89042876961435,350.89042876961435,140.89042876961435,324.89042876961435
869,2088.5211211789538,454.5211211789536,350.5211211789536,140.52112117895362,324.5211211789536
870,2088.148461504109,454.1484615041091,350.1484615041091,140.1484615041091,324.1484615041091
871,2087.7724870107377,453.77248701073785,349.77248701073785,139.77248701073788,323.77248701073785
872,2087.393235295976,453.3932352959759,349.3932352959759,139.39323529597587,323.3932352959759
873,2087.0107442846784,453.01074428467854,349.01074428467854,139.01074428467857,323.01074428467854
874,2086.625052225628,452.62505222562834,348.62505222562834,138.6250522256283,322.62505222562834
875,2086.2361976877096,452.2361976877096,348.2361976877096,138.23619768770962,322.2361976877096
876,2085.8442195560524,451.8442195560522,347.8442195560522,137.84421955605222,321.8442195560522
877,2085.4491570281425,451.4491570281427,347.4491570281427,137.44915702814268,321.4491570281427
878,2085.0510496099046,451.0510496099045,347.0510496099045,137.0510496099045,321.0510496099045
879,2084.649937111748,450.64993711174776,346.64993711174776,136.64993711174776,320.64993711174776
880,2084.245859644588,450.2458596445881,346.2458596445881,136.24585964458808,320.2458596445881
881,2083.8388576158354,449.8388576158354,345.8388576158354,135.83885761583542,319.8388576158354
882,2083.4289717253537,449.4289717253535,345.4289717253535,135.42897172535348,319.4289717253535
883,2083.0162429613897,449.0162429613897,345.0162429613897,135.01624296138974,319.0162429613897
884,2082.6007125964766,448.6007125964766,344.6007125964766,134.60071259647665,318.6007125964766
885,2082.1824221833044,448.1824221833044,344.1824221833044,134.18242218330442,318.1824221833044
886,2081.761413550566,447.7614135505658,343.7614135505658,133.7614135505658,317.7614135505658
887,2081.3377287987732,447.3377287987732,343.3377287987732,133.33772879877318,317.3377287987732
888,2080.911410296049,446.91141029604876,342.91141029604876,132.91141029604876,316.91141029604876
889,2080.4825006738874,446.4825006738875,342.4825006738875,132.48250067388753,316.4825006738875
890,2080.051042822894,446.05104282289426,342.05104282289426,132.05104282289423,316.05104282289426
891,2079.6170798884946,445.61707988849446,341.61707988849446,131.61707988849446,315.61707988849446
892,2079.18065526662,445.18065526662,341.18065526662,131.18065526662,315.18065526662
893,2078.7418125993695,444.7418125993694,340.7418125993694,130.74181259936935,314.7418125993694
894,2078.3005957706437,444.30059577064355,340.30059577064355,130.30059577064355,314.30059577064355
895,2077.857048901758,443.8570489017577,339.8570489017577,129.8570489017577,313.8570489017577
896,2077.411216347029,443.41121634702927,339.41121634702927,129.41121634702924,313.41121634702927
897,2076.963142689342,442.963142689342,338.963142689342,128.96314268934202,312.963142689342
898,2076.5128727356882,442.51287273568846,338.51287273568846,128.51287273568843,312.51287273568846
899,2076.060451512689,442.0604515126886,338.0604515126886,128.06045151268862,312.0604515126886
900,2075.6059242620877,441.60592426208785,337.60592426208785,127.60592426208783,311.60592426208785
901,2075.1493364362323,441.1493364362324,337.1493364362324,127.14933643623239,311.1493364362324
902,2074.690733693524,440.6907336935244,336.6907336935244,126.69073369352438,310.6907336935244
903,2074.230161893856,440.2301618938559,336.2301618938559,126.23016189385592,310.2301618938559
904,2073.767667094023,439.76766709402307,335.76766709402307,125.76766709402305,309.76766709402307
905,2073.3032955431204,439.30329554312056,335.30329554312056,125.30329554312056,309.30329554312056
906,2072.8370936779165,438.8370936779164,334.8370936779164,124.83709367791643,308.8370936779164
907,2072.3691081182087,438.3691081182087,334.3691081182087,124.36910811820871,308.3691081182087
908,2071.8993856621632,437.89938566216335,333.89938566216335,123.89938566216338,307.89938566216335
909,2071.4279732816344,437.4279732816346,333.4279732816346,123.4279732816346,307.4279732816346
910,2070.9549181174675,436.9549181174676,332.9549181174676,122.9549181174676,306.9549181174676
911,2070.480267474785,436.48026747478457,332.48026747478457,122.48026747478457,306.48026747478457
912,2070.0040688182544,436.00406881825415,332.00406881825415,122.00406881825417,306.00406881825415
913,2069.5263697673454,435.5263697673454,331.5263697673454,121.52636976734536,305.5263697673454
914,2069.047218091565,435.04721809156507,331.04721809156507,121.04721809156509,305.04721809156507
915,2068.566661705682,434.5666617056816,330.5666617056816,120.56666170568164,304.5666617056816
916,2068.084748664933,434.08474866493316,330.08474866493316,120.08474866493313,304.08474866493316
917,2067.601527160222,433.6015271602221,329.6015271602221,119.60152716022205,303.6015271602221
918,2067.117045513296,433.1170455132962,329.1170455132962,119.11704551329619,303.1170455132962
919,2066.6313521719167,432.6313521719165,328.6313521719165,118.6313521719165,302.6313521719165
920,2066.144495705012,432.1444957050123,328.1444957050123,118.1444957050123,302.1444957050123
921,2065.6565247978247,431.6565247978247,327.6565247978247,117.65652479782473,301.6565247978247
922,2065.167488247038,431.1674882470378,327.1674882470378,117.16748824703778,301.1674882470378
923,2064.677434955899,430.677434955899,326.677434955899,116.677434955899,300.677434955899
924,2064.1864139293293,430.18641392932915,326.18641392932915,116.18641392932915,300.18641392932915
925,2063.6944742690216,429.69447426902167,325.69447426902167,115.69447426902168,299.69447426902167
926,2063.2016651685326,429.20166516853266,325.20166516853266,115.20166516853267,299.20166516853266
927,2062.7080359083616,428.7080359083615,324.7080359083615,114.70803590836151,298.7080359083615
928,2062.213635851023,428.21363585102284,324.21363585102284,114.21363585102286,298.21363585102284
929,2061.7185144361106,427.71851443611035,323.71851443611035,113.71851443611037,297.71851443611035
930,2061.222721175353,427.22272117535306,323.22272117535306,113.22272117535309,297.22272117535306
931,2060.726305647664,426.7263056476639,322.7263056476639,112.72630564766385,296.7263056476639
932,2060.229317494182,426.22931749418177,322.22931749418177,112.22931749418176,296.22931749418177
933,2059.731806413308,425.731806413308,321.731806413308,111.73180641330801,295.731806413308
934,2059.233822155736,425.23382215573605,321.23382215573605,111.23382215573608,295.23382215573605
935,2058.7354145194768,424.73541451947676,320.73541451947676,110.73541451947673,294.73541451947676
936,2058.236633344878,424.23663334487827,320.23663334487827,110.2366333448783,294.23663334487827
937,2057.7375285096423,423.73752850964246,319.73752850964246,109.73752850964246,293.73752850964246
938,2057.238149923837,423.238149923837,319.238149923837,109.23814992383701,293.238149923837
939,2056.7385475249043,422.7385475249043,318.7385475249043,108.7385475249043,292.7385475249043
940,2056.2387712726677,422.23877127266786,318.23877127266786,108.23877127266789,292.23877127266786
941,2055.7388711443364,421.7388711443365,317.7388711443365,107.73887114433651,291.7388711443365
942,2055.2388971295063,421.2388971295064,317.2388971295064,107.23889712950643,291.2388971295064
943,2054.7388992251626,420.73889922516247,316.73889922516247,106.73889922516247,290.73889922516247
944,2054.2389274306784,420.2389274306784,316.2389274306784,106.23892743067842,290.2389274306784
945,2053.739031742817,419.73903174281696,315.73903174281696,105.73903174281698,289.73903174281696
946,2053.2392621507306,419.23926215073055,315.23926215073055,105.23926215073054,289.23926215073055
947,2052.7396686309617,418.7396686309618,314.7396686309618,104.73966863096176,288.7396686309618
948,2052.2403011424462,418.2403011424463,314.2403011424463,104.24030114244627,288.2403011424463
949,2051.7412096215166,417.7412096215168,313.7412096215168,103.7412096215168,287.7412096215168
950,2051.2424439769097,417.24244397690956,313.24244397690956,103.24244397690954,287.24244397690956
951,2050.7440540847733,416.74405408477327,312.74405408477327,102.74405408477328,286.74405408477327
952,2050.246089783682,416.24608978368195,312.24608978368195,102.24608978368195,286.24608978368195
953,2049.7486008696505,415.74860086965066,311.74860086965066,101.74860086965067,285.74860086965066
954,2049.251637091156,415.25163709115617,311.25163709115617,101.25163709115618,285.25163709115617
955,2048.7552481441626,414.7552481441624,310.7552481441624,100.75524814416238,284.7552481441624
956,2048.25948366715,414.2594836671502,310.2594836671502,100.25948366715022,284.2594836671502
957,2047.7643932361543,413.76439323615426,309.76439323615426,99.76439323615428,283.76439323615426
958,2047.2700263598051,413.27002635980506,309.27002635980506,99.27002635980506,283.27002635980506
959,2046.7764324743782,412.7764324743782,308.7764324743782,98.77643247437823,282.7764324743782
960,2046.283660938851,412.283660938851,308.283660938851,98.28366093885101,282.283660938851
961,2045.7917610299664,411.7917610299663,307.7917610299663,97.79176102996632,281.7917610299663
962,2045.3007819373051,411.30078193730503,307.30078193730503,97.30078193730505,281.30078193730503
963,2044.8107727583674,410.8107727583675,306.8107727583675,96.81077275836748,280.8107727583675
964,2044.321782493663,410.3217824936631,306.3217824936631,96.32178249366306,280.3217824936631
965,2043.8338600418108,409.8338600418108,305.8338600418108,95.83386004181081,279.8338600418108
966,2043.3470541946492,409.3470541946493,305.3470541946493,95.34705419464927,279.3470541946493
967,2042.8614136323574,408.86141363235754,304.86141363235754,94.86141363235754,278.86141363235754
968,2042.3769869185871,408.3769869185871,304.3769869185871,94.3769869185871,278.3769869185871
969,2041.8938224956057,407.89382249560566,303.89382249560566,93.89382249560566,277.89382249560566
970,2041.4119686794527,407.4119686794528,303.4119686794528,93.4119686794528,277.4119686794528
971,2040.9314736551087,406.93147365510873,302.93147365510873,92.93147365510875,276.93147365510873
972,2040.4523854716754,406.4523854716755,302.4523854716755,92.45238547167546,276.4523854716755
973,2039.974752037572,405.97475203757205,301.97475203757205,91.97475203757203,275.97475203757205
974,2039.4986211157438,405.49862111574384,301.49862111574384,91.49862111574384,275.49862111574384
975,2039.0240403188864,405.0240403188863,301.0240403188863,91.02404031888632,275.0240403188863
976,2038.5510571046837,404.55105710468365,300.55105710468365,90.55105710468365,274.55105710468365
977,2038.0797187710632,404.0797187710631,300.0797187710631,90.07971877106309,274.0797187710631
978,2037.6100724514652,403.61007245146527,299.61007245146527,89.61007245146524,273.61007245146527
979,2037.1421651101307,403.14216511013063,299.14216511013063,89.14216511013062,273.14216511013063
980,2036.6760435374035,402.6760435374036,298.6760435374036,88.67604353740359,272.6760435374036
981,2036.211754345053,402.2117543450529,298.2117543450529,88.21175434505288,272.2117543450529
982,2035.749343961611,401.74934396161086,297.74934396161086,87.74934396161086,271.74934396161086
983,2035.2888586277306,401.2888586277305,297.2888586277305,87.28885862773052,271.2888586277305
984,2034.8303443915615,400.83034439156154,296.83034439156154,86.83034439156152,270.83034439156154
985,2034.3738471041454,400.37384710414534,296.37384710414534,86.37384710414537,270.37384710414534
986,2033.9194124148305,399.9194124148304,295.9194124148304,85.91941241483039,269.9194124148304
987,2033.4670857667068,399.46708576670676,295.46708576670676,85.46708576670676,269.46708576670676
988,2033.0169123920625,399.0169123920625,295.0169123920625,85.0169123920625,269.0169123920625
989,2032.5689373078599,398.56893730785987,294.56893730785987,84.56893730785985,268.56893730785987
990,2032.123205311234,398.12320531123396,294.12320531123396,84.12320531123393,268.12320531123396
991,2031.6797609750129,397.679760975013,293.679760975013,83.67976097501295,267.679760975013
992,2031.238648643261,397.238648643261,293.238648643261,83.238648643261,267.238648643261
993,2030.7999124268438,396.79991242684366,292.79991242684366,82.79991242684368,266.79991242684366
994,2030.363596199017,396.36359619901697,292.36359619901697,82.363596199017,266.36359619901697
995,2029.92974359104,395.92974359104005,291.92974359104005,81.92974359104005,265.92974359104005
996,2029.4983979878123,395.49839798781227,291.49839798781227,81.49839798781228,265.49839798781227
997,2029.0696025235345,395.06960252353446,291.06960252353446,81.06960252353446,265.06960252353446
998,2028.6434000773957,394.6434000773957,290.6434000773957,80.6434000773957,264.6434000773957
999,2028.2198332692853,394.21983326928546,290.21983326928546,80.21983326928543,264.21983326928546
